chipset,core_clock,boost_clock,memory_clock,memory,memory_ver,bus_width,shaders,TMUs,ROPs,PCIe,TDP,rec_psu,detail_URL,g3dmark,g2dmark,api_score,blender_score,no_benchmark,1080p_fps,1440p_fps,4k_fps,fps_score
GeForce RTX 3060,1320,1777,1875,8.0,6,128,3584,112,48,PCIe 4.0 x16,170,450 W,https://www.techpowerup.com/gpu-specs/geforce-rtx-3060-8-gb.c3937,0.575501066843891,0.8429517502365185,0.44134743470714083,0.19258752622229158,527.0,124.0,92.0,55.0,0.40117823959907617
GeForce RTX 4070 Ti,2310,2640,1313,12.0,6,192,7680,240,80,PCIe 4.0 x16,285,600 W,https://www.techpowerup.com/gpu-specs/geforce-rtx-4070-ti.c3950,0.7988495575221239,0.8898013245033112,0.7255084940312627,0.5546816066786321,377.0,,,,0.6720364571058022
GeForce RTX 4070,1920,2490,1313,12.0,6,192,5888,184,64,PCIe 4.0 x16,200,550 W,https://www.techpowerup.com/gpu-specs/geforce-rtx-4070.c3924,0.7265612648221343,0.8520529801324503,0.6904070664745028,0.4578102263494439,408.0,295.0,225.0,141.0,0.8219719090699957
GeForce RTX 4090,2235,2640,1313,24.0,6,384,16384,512,176,PCIe 4.0 x16,450,850 W,https://www.techpowerup.com/gpu-specs/geforce-rtx-4090.c3889,0.9632606946727762,0.9621854304635762,0.9861982701191978,0.9999999999999999,1057.0,369.0,281.0,176.0,1.0
Radeon RX 6600,1626,1626,1750,8.0,6,128,1792,112,64,PCIe 4.0 x8,132,300 W,https://www.techpowerup.com/gpu-specs/radeon-rx-6600.c3696,0.46787225856098497,0.8372753074739829,0.4066725870907843,0.07583310764183754,97.0,,,,0.3526617435286418
Radeon RX 6800 XT,1825,2250,2000,16.0,6,256,4608,288,128,PCIe 4.0 x16,300,700 W,https://www.techpowerup.com/gpu-specs/radeon-rx-6800-xt.c3694,0.7995732624435972,0.9631031220435196,0.7670548581116537,0.18432951264407912,91.0,236.0,176.0,100.0,0.6612287273321045
Radeon RX 6950 XT,1860,2368,2250,16.0,6,256,5120,320,128,PCIe 4.0 x16,335,700 W,https://www.techpowerup.com/gpu-specs/radeon-rx-6950-xt.c3875,0.8762394627304209,0.9464143803216651,0.7888886878219022,0.20896048792206218,76.0,,,,0.6638935625439111
Radeon RX 6700 XT,2321,2321,2000,12.0,6,192,2560,160,64,PCIe 4.0 x16,230,550 W,https://www.techpowerup.com/gpu-specs/radeon-rx-6700-xt.c3695,0.6466822903914092,0.9025543992431411,0.469715012311791,0.11840693936319804,134.0,163.0,122.0,70.0,0.4918107222543512
Radeon RX 7900 XTX,1929,2615,2500,24.0,6,384,6144,384,192,PCIe 4.0 x16,355,750 W,https://www.techpowerup.com/gpu-specs/radeon-rx-7900-xtx.c3941,0.9128643884011334,0.9284011352885524,0.8149053800501211,0.3024181887454154,239.0,,,,0.846820134759914
GeForce RTX 3060 Ti,1410,1710,1750,8.0,6,256,4864,152,80,PCIe 4.0 x16,200,550 W,https://www.techpowerup.com/gpu-specs/geforce-rtx-3060-ti.c3681,0.6891111966140824,0.8524124881740776,0.5620029871230774,0.2444499018433257,303.0,150.0,113.0,69.0,0.4670162644993724
GeForce RTX 4060 Ti,2310,2310,2250,8.0,6,128,4352,136,48,PCIe 4.0 x8,160,450 W,https://www.techpowerup.com/gpu-specs/geforce-rtx-4060-ti-8-gb.c3890,0.6229507852670608,0.836868495742668,0.6374751424263386,0.3285218966654273,118.0,225.0,168.0,103.0,0.6439438181399914
Radeon RX 6600 XT,1968,2602,2000,8.0,6,128,2048,128,64,PCIe 4.0 x8,160,450 W,https://www.techpowerup.com/gpu-specs/radeon-rx-6600-xt.c3774,0.5368498373500298,0.8921475875118259,0.4230613974892019,0.08238963685855799,51.0,135.0,101.0,59.0,0.4270732346434405
GeForce RTX 4080,2205,2535,1400,16.0,6,256,9728,304,112,PCIe 4.0 x16,320,700 W,https://www.techpowerup.com/gpu-specs/geforce-rtx-4080.c3888,0.8743086501801393,0.9253074739829705,0.915170351586517,0.7295404921145686,313.0,320.0,244.0,153.0,0.8824043537547809
Radeon RX 580,1257,1386,2000,8.0,5,256,2304,144,32,PCIe 3.0 x16,185,450 W,https://www.techpowerup.com/gpu-specs/radeon-rx-580.c2938,0.29388925810626465,0.67360454115421,0.2635227869050983,0.028164768562934265,10.0,71.0,51.0,29.0,0.2717032643772548
Radeon RX 7900 XT,1387,2560,2500,20.0,6,320,5376,336,192,PCIe 4.0 x16,300,700 W,https://www.techpowerup.com/gpu-specs/radeon-rx-7900-xt.c3912,0.8381524362517051,0.9285714285714286,0.8061137378245437,0.2696791508491356,88.0,,,,0.8179135323088468
Radeon RX 6750 XT,2150,2618,2250,12.0,6,192,2560,160,64,PCIe 4.0 x16,250,600 W,https://www.techpowerup.com/gpu-specs/radeon-rx-6750-xt.c3879,0.6260782118996817,0.8706527909176915,0.4564809969973712,0.12522817792752472,38.0,,,,0.49075843147818354
GeForce RTX 3070 Ti,1575,1830,1188,8.0,6,256,6144,192,96,PCIe 4.0 x16,290,600 W,https://www.techpowerup.com/gpu-specs/geforce-rtx-3070-ti.c3675,0.7996781979082864,0.8921475875118259,0.672011867759254,0.31222926583704,136.0,187.0,139.0,89.0,0.5565482098652619
Radeon RX 6700,1941,2425,2000,10.0,6,160,2304,144,64,PCIe 4.0 x16,175,450 W,https://www.techpowerup.com/gpu-specs/radeon-rx-6700.c3716,0.5380177690720207,0.8037086092715231,0.4035664908275316,0.10147089650782576,14.0,,,,0.46094260567157075
GeForce RTX 3050,1552,1550,1750,8.0,6,128,2560,80,32,PCIe 4.0 x8,90,250 W,https://www.techpowerup.com/gpu-specs/geforce-rtx-3050-8-gb.c3858,0.42719227674979887,0.8051087984862819,0.32745327574375327,0.12517921434877674,46.0,92.0,68.0,41.0,0.32566196030094885
GeForce GTX 1660 SUPER,1530,1815,1750,6.0,6,192,1408,88,48,PCIe 3.0 x16,125,300 W,https://www.techpowerup.com/gpu-specs/geforce-gtx-1660-super.c3458,0.4276819755850152,0.7218543046357615,0.30019577766116334,0.06189455387294257,57.0,91.0,67.0,40.0,0.32242508592040336
Radeon RX 6800,1700,1700,2000,16.0,6,256,3840,240,96,PCIe 4.0 x16,250,600 W,https://www.techpowerup.com/gpu-specs/radeon-rx-6800.c3713,0.7052362796879919,0.9176915799432355,0.6239857909821176,0.14606371079662211,70.0,197.0,147.0,79.0,0.5651906644613185
GeForce RTX 3070,1500,1815,1750,8.0,6,256,5888,184,96,PCIe 4.0 x16,220,550 W,https://www.techpowerup.com/gpu-specs/geforce-rtx-3070.c3674,0.7551156039035993,0.8599810785241249,0.6220280143704839,0.28157730048489243,293.0,178.0,133.0,80.0,0.5306532148208977
Radeon RX 6650 XT,2055,2669,2190,8.0,6,128,2048,128,64,PCIe 4.0 x8,176,450 W,https://www.techpowerup.com/gpu-specs/radeon-rx-6650-xt.c3898,0.537787610619469,0.8303973509933775,0.41551641517001936,0.08850625892246465,54.0,,,,0.48205107801398994
RTX A6000,1410,1860,2000,48.0,6,384,10752,336,112,PCIe 4.0 x16,300,700 W,https://www.techpowerup.com/gpu-specs/rtx-a6000.c3686,0.7561299800622617,0.7303689687795649,0.8362733621281233,0.42979158346683555,8.0,,,,0.7308220869964502
Arc A750,2050,2050,2000,8.0,6,256,3584,224,112,PCIe 4.0 x16,225,550 W,https://www.techpowerup.com/gpu-specs/arc-a750.c3929,0.6357000944419182,0.8339451277199621,0.6104144960934103,0.1677743222752149,0.0,,,,0.5485445238306921
Radeon RX 7600,1720,2695,2250,8.0,6,128,2048,128,64,PCIe 4.0 x8,165,450 W,https://www.techpowerup.com/gpu-specs/radeon-rx-7600.c4153,0.5274241841267621,0.8424314096499528,0.41551641517001936,0.10080223763554878,139.0,,,,0.48508089895939266
Arc A770,2100,2100,2000,16.0,6,256,4096,256,128,PCIe 4.0 x16,225,550 W,https://www.techpowerup.com/gpu-specs/arc-a770.c3914,0.6394197068802686,0.8361589403973511,0.6270833402372172,0.16787680151542267,0.0,,,,0.6012754928235138
Radeon R7 240,730,780,900,2.0,3,128,320,20,8,PCIe 3.0 x8,30,200 W,https://www.techpowerup.com/gpu-specs/radeon-r7-240.c2463,0.012522298786246461,0.18732261116367077,0.02785290437169499,0.0029141285936589104,0.0,,,,0.08739668258531338
GeForce RTX 3080,1440,1740,1188,10.0,6,320,8704,272,96,PCIe 4.0 x16,320,700 W,https://www.techpowerup.com/gpu-specs/geforce-rtx-3080.c3621,0.8516562314176781,0.8921475875118259,0.8248496346829208,0.39753759102252784,370.0,232.0,173.0,105.0,0.6590600214971389
GeForce RTX 3090,1395,1800,1219,24.0,6,384,10496,328,112,PCIe 4.0 x16,350,750 W,https://www.techpowerup.com/gpu-specs/geforce-rtx-3090.c3622,0.9055930602679352,0.8883632923368023,0.9295402252452266,0.4771156473826672,435.0,246.0,187.0,117.0,0.702207556989811
GeForce GTX 1060,1506,1708,2002,3.0,5,192,1152,72,48,PCIe 3.0 x16,120,300 W,https://www.techpowerup.com/gpu-specs/geforce-gtx-1060-3-gb.c2867,0.33456923991745074,0.6641438032166509,0.13884067331368827,0.027119702179032264,16.0,,,,0.30623861468144153
GeForce GTX 1650 G6,1410,1620,1500,4.0,6,128,896,56,32,PCIe 3.0 x16,75,250 W,https://www.techpowerup.com/gpu-specs/geforce-gtx-1650-gddr6.c3541,0.24161845465039,0.6144465468306528,0.2324711777659077,0.07397783939028102,0.0,,,,0.2620772245935187
Radeon RX 6900 XT,1825,2365,2000,16.0,6,256,5120,320,128,PCIe 4.0 x16,300,700 W,https://www.techpowerup.com/gpu-specs/radeon-rx-6900-xt.c3481,0.87281821679667,0.9858088930936613,0.7859564848827352,0.19900405020602954,70.0,250.0,186.0,105.0,0.6924969338481743
Radeon RX 6500 XT,2310,2825,2248,4.0,6,64,1024,64,32,PCIe 4.0 x4,107,300 W,https://www.techpowerup.com/gpu-specs/radeon-rx-6500-xt.c3850,0.31270768477386407,0.804162724692526,0.2536935373188552,0.031182914159195895,21.0,,,,0.407464563228913
GeForce RTX 3080 Ti,1365,1800,1188,12.0,6,384,10240,320,112,PCIe 4.0 x16,350,750 W,https://www.techpowerup.com/gpu-specs/geforce-rtx-3080-ti.c3735,0.9228024764769667,0.9186376537369916,0.9162091793484841,0.4605078135160899,198.0,241.0,182.0,112.0,0.6860231850870834
Arc A380,2000,2250,1937,6.0,6,96,1024,64,32,PCIe 4.0 x8,75,250 W,https://www.techpowerup.com/gpu-specs/arc-a380.c3913,0.27746755745216695,0.6592809839167455,0.28070817661256897,0.047539710227420456,0.0,,,,0.33993723773043855
GeForce RTX 3090 Ti,1560,1860,1313,24.0,6,384,10752,336,112,PCIe 4.0 x16,450,850 W,https://www.techpowerup.com/gpu-specs/geforce-rtx-3090-ti.c3829,1.0000000000000002,1.0,0.9999999999999999,0.5023701432337689,151.0,,,,0.7308220869964502
Quadro RTX 8000,1395,1770,1750,48.0,6,384,4608,288,96,PCIe 3.0 x16,260,600 W,https://www.techpowerup.com/gpu-specs/quadro-rtx-8000.c3306,0.6513344293259645,0.7010406811731316,0.5772716263674161,0.26475142568170307,3.0,,,,0.5140060241962374
GeForce RTX 2060,1365,1755,1750,6.0,6,192,1920,120,48,PCIe 3.0 x16,160,450 W,https://www.techpowerup.com/gpu-specs/geforce-rtx-2060.c3310,0.4703907097135262,0.6546830652790918,0.34358979534170264,0.1399585645714845,179.0,107.0,76.0,45.0,0.3547938297258587
GeForce GTX 1050 Ti,1291,1455,1752,4.0,5,128,768,48,32,PCIe 3.0 x16,75,250 W,https://www.techpowerup.com/gpu-specs/geforce-gtx-1050-ti.c2885,0.20319003812655217,0.5591296121097447,0.09090542122472045,0.01610825235216442,19.0,39.0,28.0,17.0,0.19942385945967306
Radeon RX 5700 XT,1605,1905,1750,8.0,6,256,2560,160,64,PCIe 4.0 x16,225,550 W,https://www.techpowerup.com/gpu-specs/radeon-rx-5700-xt.c3339,0.5731924866207282,0.846736045411542,0.37121059217696684,0.07110353195715075,92.0,122.0,91.0,54.0,0.3968731966729506
GeForce GTX 1080 Ti,1481,1632,1376,11.0,5,352,3584,224,88,PCIe 3.0 x16,250,600 W,https://www.techpowerup.com/gpu-specs/geforce-gtx-1080-ti.c2877,0.6218825422365245,0.826868495742668,0.3149194687764905,0.06742361299187358,93.0,129.0,98.0,59.0,0.41736261150180387
GeForce RTX 2060 SUPER,1470,1665,1750,8.0,6,256,2176,136,64,PCIe 3.0 x16,175,450 W,https://www.techpowerup.com/gpu-specs/geforce-rtx-2060-super.c3441,0.559970618069887,0.7767265846736044,0.41689541032575783,0.18574563114818057,148.0,114.0,83.0,50.0,0.37528324455471196
GeForce GTX 1660 Ti,1500,1845,1500,6.0,6,192,1536,96,48,PCIe 3.0 x16,120,300 W,https://www.techpowerup.com/gpu-specs/geforce-gtx-1660-ti.c3364,0.3948721536255203,0.6073793755912962,0.297814152504743,0.06360904418503949,70.0,96.0,71.0,42.0,0.33430441489700546
GeForce RTX 2070 SUPER,1605,1770,1750,8.0,6,256,2560,160,64,PCIe 3.0 x16,215,550 W,https://www.techpowerup.com/gpu-specs/geforce-rtx-2070-super.c3440,0.6178250376018748,0.7909176915799432,0.4721874621563799,0.1969437546190251,90.0,128.0,95.0,57.0,0.4108888627407128
GeForce GTX 1050,1354,1518,1752,2.0,5,128,640,40,32,PCIe 3.0 x16,75,250 W,https://www.techpowerup.com/gpu-specs/geforce-gtx-1050.c2875,0.16037636853335197,0.3926206244087039,0.07787712428853993,0.01239926126200564,10.0,33.0,24.0,14.0,0.1854081933919109
GeForce RTX 4060,1830,1830,2125,8.0,6,128,3072,96,48,PCIe 4.0 x8,115,300 W,https://www.techpowerup.com/gpu-specs/geforce-rtx-4060.c4107,0.4659806219175207,0.7582970671712392,0.44152678466745787,0.26307442310958506,114.0,195.0,145.0,88.0,0.5705962446768295
GeForce GTX 1080,1607,1860,1251,8.0,5,256,2560,160,64,PCIe 3.0 x16,180,450 W,https://www.techpowerup.com/gpu-specs/geforce-gtx-1080.c2839,0.5162824862709433,0.7852412488174079,0.25996044080248654,0.04625451574255562,62.0,109.0,80.0,48.0,0.36450445286749533
Quadro RTX 6000,1440,1770,1750,24.0,6,384,4608,288,96,PCIe 3.0 x16,260,600 W,https://www.techpowerup.com/gpu-specs/quadro-rtx-6000.c3307,0.6711322536639966,0.7350993377483444,0.64113147378194,0.2562508893775046,5.0,,,,0.5140060241962374
GeForce GTX 1070,1506,1683,2002,8.0,5,256,1920,120,64,PCIe 3.0 x16,150,450 W,https://www.techpowerup.com/gpu-specs/geforce-gtx-1070.c2840,0.45391584175731925,0.7540208136234627,0.21553707665603677,0.04206506953593238,89.0,93.0,68.0,40.0,0.32566196030094885
GeForce GT 710,810,954,898,1.0,3,64,48,8,4,PCIe 2.0 x16,29,200 W,https://www.techpowerup.com/gpu-specs/geforce-gt-710.c2614,0.00461716044632551,0.1456953642384106,0.006388003067856134,0.0,2.0,,,,0.09277308453510119
GeForce GTX 1650 G5,1485,1755,2001,4.0,5,128,896,56,32,PCIe 3.0 x16,75,250 W,https://www.techpowerup.com/gpu-specs/geforce-gtx-1650.c3366,0.24965126447234948,0.6177956480605487,0.21871858823545762,0.029130223228015725,0.0,,,,0.27370145040878346
GeForce GT 1030,1228,1506,1502,2.0,5,64,384,24,16,PCIe 3.0 x4,30,200 W,https://www.techpowerup.com/gpu-specs/geforce-gt-1030.c2954,0.07135611598866697,0.3680227057710501,0.04992330359665765,0.00496827313108315,1.0,20.0,14.0,8.0,0.15410761813203555
GeForce GTX 1650 SUPER,1530,1800,1500,4.0,6,128,1280,80,32,PCIe 3.0 x16,100,300 W,https://www.techpowerup.com/gpu-specs/geforce-gtx-1650-super.c3411,0.3332400573647207,0.663197729422895,0.26468332458725224,0.04282936039795149,4.0,73.0,53.0,32.0,0.2792775504277314
Radeon RX 6400,1923,1923,2000,4.0,6,64,768,48,32,PCIe 4.0 x4,53,250 W,https://www.techpowerup.com/gpu-specs/radeon-rx-6400.c3813,0.22571618454650388,0.7937559129612111,0.22086594971390278,0.020390270324858045,4.0,,,,0.29450618081635827
GeForce RTX 2080 Ti,1350,1665,1750,11.0,6,352,4352,272,88,PCIe 3.0 x16,250,600 W,https://www.techpowerup.com/gpu-specs/geforce-rtx-2080-ti.c3305,0.7447269928993668,0.8325449385052035,0.7473761756751301,0.253427067984399,87.0,161.0,123.0,75.0,0.49614813392428225
GeForce GTX 1660,1530,1785,2001,6.0,5,192,1408,88,48,PCIe 3.0 x16,120,300 W,https://www.techpowerup.com/gpu-specs/geforce-gtx-1660.c3365,0.3914092832907762,0.6963103122043519,0.2760465022403423,0.05797134712576143,28.0,85.0,63.0,38.0,0.3094775883982212
GeForce RTX 2080 SUPER,1650,1815,1937,8.0,6,256,3072,192,64,PCIe 3.0 x16,250,600 W,https://www.techpowerup.com/gpu-specs/geforce-rtx-2080-super.c3439,0.6650809752002519,0.826868495742668,0.5469664554151696,0.19800412212128582,42.0,145.0,110.0,67.0,0.45620510406835024
GeForce GTX 970,1050,1279,1753,4.0,5,256,1664,104,56,PCIe 3.0 x16,148,300 W,https://www.techpowerup.com/gpu-specs/geforce-gtx-970.c2620,0.32120745741369056,0.6821192052980132,0.13490493682638355,0.02442823545972975,14.0,62.0,44.0,27.0,0.25228201809398165
GeForce GT 730,350,927,325,1.0,5,64,384,32,8,PCIe 1.0 x16,38,200 W,https://www.techpowerup.com/gpu-specs/geforce-gt-730.c1988,0.010738395886529785,0.16840113528855252,0.013220037944536389,0.001803236798577608,2.0,,,,0.11606143955953943
Radeon RX 5600 XT,1130,1620,1500,6.0,6,192,2304,144,64,PCIe 4.0 x16,150,450 W,https://www.techpowerup.com/gpu-specs/radeon-rx-5600-xt.c3474,0.46629822659064674,0.8079470198675496,0.3093387962701328,0.04572127176775351,14.0,105.0,78.0,46.0,0.3558619982714387
GeForce GT 1030 DDR4,1152,1417,1050,2.0,4,64,384,24,16,PCIe 3.0 x4,20,200 W,https://www.techpowerup.com/gpu-specs/geforce-gt-1030-ddr4.c3187,0.09488579523592991,0.43327341532639546,0.0508388006315602,0.005619641739614757,0.0,,,,0.18434519120013243
Radeon RX 570,1168,1286,1750,4.0,5,256,2048,128,32,PCIe 3.0 x16,150,450 W,https://www.techpowerup.com/gpu-specs/radeon-rx-570.c2939,0.2468015670362727,0.6269252601702933,0.23928268679610865,0.02394701528734735,1.0,59.0,43.0,25.0,0.24580826933289054
GeForce RTX 2070,1410,1845,1750,8.0,6,256,2304,144,64,PCIe 3.0 x16,175,450 W,https://www.techpowerup.com/gpu-specs/geforce-rtx-2070.c3252,0.5447549756899507,0.7313150425733208,0.4185908045049045,0.18522462806806547,71.0,120.0,89.0,53.0,0.39146761645743955
Radeon RX 5500 XT,1607,1845,1750,4.0,6,128,1408,88,32,PCIe 4.0 x8,130,300 W,https://www.techpowerup.com/gpu-specs/radeon-rx-5500-xt.c3468,0.3037182132988212,0.7228003784295176,0.22103701610624465,0.03696673689879993,8.0,,,,0.3039906327686557
GeForce RTX 2080,1515,1710,1750,8.0,6,256,2944,184,64,PCIe 3.0 x16,215,550 W,https://www.techpowerup.com/gpu-specs/geforce-rtx-2080.c3224,0.6375529049634475,0.8107852412488175,0.5117668429338392,0.19373357998736127,45.0,137.0,103.0,62.0,0.434647520693917
GeForce GTX 1070 Ti,1607,1683,2002,8.0,5,256,2432,152,64,PCIe 3.0 x16,180,450 W,https://www.techpowerup.com/gpu-specs/geforce-gtx-1070-ti.c3010,0.4895239427751933,0.7729422894985809,0.240614782222581,0.04715728172572133,22.0,101.0,74.0,44.0,0.3450832065842221
RTX A4000,735,1560,1750,16.0,6,256,6144,192,96,PCIe 4.0 x16,140,300 W,https://www.techpowerup.com/gpu-specs/rtx-a4000.c3756,0.6465073979502606,0.8306527909176915,0.5230089210027045,0.2589959100110627,67.0,,,,0.53115504992522
RTX A2000,562,1200,1500,6.0,6,192,3328,104,48,PCIe 4.0 x16,70,250 W,https://www.techpowerup.com/gpu-specs/rtx-a2000.c3820,0.44153345692399176,0.8211920529801324,0.3539034432648448,0.1513341810152904,20.0,,,,0.313758583802225
TITAN RTX,1350,1770,1750,24.0,6,384,4608,288,96,PCIe 3.0 x16,280,600 W,https://www.techpowerup.com/gpu-specs/titan-rtx.c3311,0.687816992549582,0.7417218543046358,0.6754026561175472,0.27205770969800186,10.0,166.0,127.0,77.0,0.5079950941570789
RTX A4500,1050,1650,2000,20.0,6,320,7168,224,96,PCIe 4.0 x16,200,550 W,https://www.techpowerup.com/gpu-specs/rtx-a4500.c3849,0.7359823708419322,0.7871333964049196,0.6714871028942799,0.33636295476836403,9.0,,,,0.5707292534183479
Radeon HD 5450,650,650,667,1.0,3,64,80,8,4,PCIe 2.0 x16,11,200 W,https://www.techpowerup.com/gpu-specs/mobility-radeon-hd-5450.c3136,0.0042058134247437845,0.1323368022705771,0.0,0.0006975397331790984,0.0,,,,0.05824972941743281
Radeon RX 590,1469,1600,2000,8.0,5,256,2304,144,32,PCIe 3.0 x16,175,450 W,https://www.techpowerup.com/gpu-specs/radeon-rx-590.c3322,0.32040295218440656,0.7095553453169348,0.2871271141969079,0.041656866300357934,0.0,80.0,58.0,33.0,0.29329321649549356
Radeon PRO W6800,2075,2320,2000,32.0,6,256,3840,240,96,PCIe 4.0 x16,250,600 W,https://www.techpowerup.com/gpu-specs/radeon-pro-w6800.c3809,0.6400013991395291,0.8079470198675496,0.5662313809389254,0.13812931587169705,10.0,,,,0.556644364581751
GeForce GTX 1630,1740,1740,1500,4.0,6,64,512,32,16,PCIe 3.0 x8,75,250 W,https://www.techpowerup.com/gpu-specs/geforce-gtx-1630.c3916,0.18418797439574663,0.5224976348155155,0.21674425856937587,0.06669325235981495,0.0,,,,0.23412341431868225
GeForce GTX 750 Ti,1020,1150,1350,2.0,5,128,640,40,16,PCIe 3.0 x16,60,250 W,https://www.techpowerup.com/gpu-specs/geforce-gtx-750-ti.c2548,0.11941655881632797,0.41438032166508987,0.05339482501110079,0.0056996665886309625,1.0,25.0,16.0,10.0,0.16381824127367217
GeForce GTX 960,580,1304,700,0.5,3,256,96,48,16,PCIe 2.0 x16,140,300 W,https://www.techpowerup.com/gpu-specs/geforce-9600-gtx.c1942,0.19367588932806323,0.5780510879848628,0.0903503814636903,0.013783247417553749,4.0,38.0,27.0,16.0,0.19618698507912752
GeForce GTX 980 Ti,1000,1279,1753,6.0,5,384,2816,176,96,PCIe 3.0 x16,250,600 W,https://www.techpowerup.com/gpu-specs/geforce-gtx-980-ti.c2724,0.46727762426107944,0.7511825922421949,0.20171154079037656,0.04147444636728499,9.0,84.0,62.0,37.0,0.3062407140176757
RTX A5000,1170,1695,2000,24.0,6,384,8192,256,96,PCIe 4.0 x16,230,550 W,https://www.techpowerup.com/gpu-specs/rtx-a5000.c3748,0.782188953793417,0.8741721854304636,0.7447725346142977,0.3956547884084848,24.0,,,,0.6050595362211331
Quadro RTX 4000,1005,1545,1625,8.0,6,256,2304,144,64,PCIe 3.0 x16,160,450 W,https://www.techpowerup.com/gpu-specs/quadro-rtx-4000.c3336,0.5250271083283781,0.7984862819299905,0.39970936099786053,0.17302351628880552,16.0,,,,0.35682980978115
RTX 4000 SFF Ada Generation,720,1565,1750,20.0,6,160,6144,192,80,PCIe 4.0 x16,70,250 W,https://www.techpowerup.com/gpu-specs/rtx-4000-sff-ada-generation.c4139,0.657684074294309,0.8053358561967834,0.5340345554484137,0.3405172084027622,2.0,,,,0.5020921314326915
Quadro P4000,1202,1480,1901,8.0,5,256,1792,112,64,PCIe 3.0 x16,105,300 W,https://www.techpowerup.com/gpu-specs/quadro-p4000.c2930,0.3818601560040575,0.7190160832544938,0.2061114923505429,0.035725051143988114,11.0,,,,0.3294539167941762
Radeon RX 480,1120,1316,2000,8.0,5,256,2304,144,32,PCIe 3.0 x16,150,450 W,https://www.techpowerup.com/gpu-specs/radeon-rx-480.c2848,0.28573927034873553,0.6802270577105014,0.26333104589674244,0.027045078624796708,0.0,59.0,44.0,27.0,0.24904514371343608
Radeon RX 470,926,1216,1650,4.0,5,256,2048,128,32,PCIe 3.0 x16,120,300 W,https://www.techpowerup.com/gpu-specs/radeon-rx-470.c2861,0.21590996537129664,0.6173036896877957,0.2249828442255681,0.024107355706628603,0.0,52.0,39.0,23.0,0.2317926032651284
Quadro RTX 5000,1620,1815,1750,16.0,6,256,3072,192,64,PCIe 3.0 x16,230,550 W,https://www.techpowerup.com/gpu-specs/quadro-rtx-5000.c3308,0.5510860820595334,0.6650898770104068,0.4735397408468897,0.18859469938657814,3.0,,,,0.4118340407551173
GeForce GTX 980,1127,1216,1753,4.0,5,256,2048,128,64,PCIe 3.0 x16,165,450 W,https://www.techpowerup.com/gpu-specs/geforce-gtx-980.c2621,0.37538913568155585,0.7142857142857142,0.15841843943002457,0.0287651002911803,0.0,73.0,53.0,32.0,0.2792775504277314
Titan V,1200,1455,848,12.0,5,3072,5120,320,96,PCIe 3.0 x16,250,600 W,https://www.techpowerup.com/gpu-specs/titan-v.c3051,0.5699695687152402,0.7581835383159887,0.6379892283038353,0.24349947746680803,0.0,,,,0.4450645635829814
Radeon RX 5700,1465,1725,1750,8.0,6,256,2304,144,64,PCIe 4.0 x16,180,450 W,https://www.techpowerup.com/gpu-specs/radeon-rx-5700.c3437,0.49753401657980345,0.8192999053926207,0.310378234368062,0.06364500181318253,20.0,112.0,84.0,50.0,0.37421507600913195
Radeon RX VEGA 64,1247,1546,945,8.0,5,2048,4096,256,64,PCIe 3.0 x16,295,600 W,https://www.techpowerup.com/gpu-specs/radeon-rx-vega-64.c2871,0.5161124908181468,0.7183065279091769,0.37743596494516,0.05853764151621845,0.0,,,,0.3785535970129015
Radeon R9 390,1000,1060,1500,8.0,5,512,2560,160,64,PCIe 3.0 x16,275,600 W,https://www.techpowerup.com/gpu-specs/radeon-r9-390.c2664,0.29742208541746823,0.7152317880794703,0.27367496871594077,0.03126941138127788,0.0,59.0,43.0,25.0,0.24580826933289054
Quadro P2000,1076,1470,1752,5.0,5,160,1024,64,40,PCIe 3.0 x16,75,250 W,https://www.techpowerup.com/gpu-specs/quadro-p2000.c2931,0.23054321592220783,0.5979186376537371,0.11409599160376215,0.017355293498401796,4.0,,,,0.25949702574137345
Titan X (Pascal),1417,1531,1251,12.0,5,384,3584,224,96,PCIe 3.0 x16,250,600 W,https://www.techpowerup.com/gpu-specs/titan-x-pascal.c2863,0.5295949491062997,0.7302459791863765,0.30752580064892293,0.05568999628182825,0.0,,,,0.45065983325596126
GeForce GTX 770,1046,1085,1753,2.0,5,256,1536,128,32,PCIe 3.0 x16,230,550 W,https://www.techpowerup.com/gpu-specs/geforce-gtx-770.c1856,0.1884291160936024,0.4645222327341532,0.0733661647761676,0.013540724691567705,6.0,42.0,29.0,17.0,0.2037289023857986
Titan Xp,1405,1582,1426,12.0,5,384,3840,240,96,PCIe 3.0 x16,250,600 W,https://www.techpowerup.com/gpu-specs/titan-xp.c2948,0.5377715205148833,0.7250331125827816,0.3069545496861633,0.05698369818850062,0.0,,,,0.46444984556216695
Radeon Pro WX 3200,1295,1290,1500,4.0,5,128,640,32,16,PCIe 3.0 x8,65,250 W,https://www.techpowerup.com/gpu-specs/radeon-pro-wx-3200.c3412,0.11164538808632692,0.46047303689687796,0.0906531304242522,0.018551014693663978,0.0,,,,0.1801423033661136
Radeon RX VEGA 56,1156,1471,800,8.0,5,2048,3584,224,64,PCIe 3.0 x16,210,550 W,https://www.techpowerup.com/gpu-specs/radeon-rx-vega-56.c2993,0.45201301199762145,0.7306054872280039,0.3570712387910164,0.04743522654070789,0.0,,,,0.3541199250389797
Quadro M2000,796,1180,1653,4.0,5,128,768,48,32,PCIe 3.0 x16,75,250 W,https://www.techpowerup.com/gpu-specs/quadro-m2000.c2837,0.12022106404561196,0.47776726584673607,0.0717918701812457,0.02010618976140968,0.0,,,,0.20277234396478094
Radeon Pro WX 4100,1125,975,1500,4.0,5,128,1024,64,16,PCIe 3.0 x8,50,250 W,https://www.techpowerup.com/gpu-specs/radeon-pro-wx-4100.c2874,0.11406485011717794,0.5960264900662251,0.11448956525249263,0.018922013259949168,0.0,,,,0.15551968666091687
Quadro P5000,1607,1733,1127,16.0,5,256,2560,160,64,PCIe 3.0 x16,180,450 W,https://www.techpowerup.com/gpu-specs/quadro-p5000.c2864,0.40123823848333273,0.6064333017975403,0.25351188794251805,0.039441692793326266,2.0,,,,0.3824771110114543
T1000,765,1395,1250,4.0,5,128,896,56,32,PCIe 3.0 x16,50,200 W,https://www.techpowerup.com/gpu-specs/quadro-t1000-max-q.c3807,0.2561824477946063,0.7294228949858088,0.17955031687724538,0.02029187648325217,0.0,,,,0.23175008349933862
Quadro P1000,1266,1455,1253,4.0,5,128,640,40,32,PCIe 3.0 x16,47,200 W,https://www.techpowerup.com/gpu-specs/quadro-p1000.c3680,0.13854979187799504,0.566698202459792,0.07191296976547047,0.009729216108405363,2.0,,,,0.2308950760485939
Radeon PRO W6600,2331,2580,1750,8.0,6,128,1792,112,64,PCIe 4.0 x8,100,300 W,https://www.techpowerup.com/gpu-specs/radeon-pro-w6600.c3818,0.4794501381650285,0.8949858088930938,0.3892241553304,0.07717960605740674,3.0,,,,0.46383286590438844
GeForce GTX Titan X,1000,1000,1753,12.0,5,384,3072,192,96,PCIe 3.0 x16,250,600 W,https://www.techpowerup.com/gpu-specs/geforce-gtx-titan-x.c2632,0.3359578859001714,0.6444843897824031,0.20470330512439922,0.03596999144667478,0.0,,,,0.3730877632192514
GeForce GTX 660,980,1020,1502,2.0,5,192,960,80,24,PCIe 3.0 x16,140,300 W,https://www.techpowerup.com/gpu-specs/geforce-gtx-660.c895,0.12238973031585575,0.3935666982024598,0.04531142776409801,0.007739305665851116,3.0,33.0,19.0,11.0,0.17676573879585428
Radeon Pro WX 7100,1188,1080,1750,8.0,5,256,2304,144,32,PCIe 3.0 x16,130,300 W,https://www.techpowerup.com/gpu-specs/radeon-pro-wx-7100.c2872,0.25593759837699814,0.6877956480605487,0.21301416865135428,0.026481087052652705,0.0,,,,0.23611391797178224
T400,420,1425,1250,2.0,6,64,384,24,16,PCIe 3.0 x16,30,200 W,https://www.techpowerup.com/gpu-specs/t400.c3808,0.10920284025324427,0.4739829706717124,0.08153029507932022,0.08417736597367899,0.0,,,,0.19349251729856026
GeForce GTX 950,1024,1393,1653,2.0,5,128,768,48,32,PCIe 3.0 x16,90,250 W,https://www.techpowerup.com/gpu-specs/geforce-gtx-950.c2747,0.17093987197873306,0.5496688741721854,0.07603035562911233,0.009443850251014846,2.0,30.0,21.0,13.0,0.17783390734143434
Quadro P400,1228,1170,1002,2.0,5,64,256,16,16,PCIe 3.0 x16,30,200 W,https://www.techpowerup.com/gpu-specs/quadro-p400.c2934,0.03879114344678023,0.34720908230842007,0.02565292859161183,0.0036651227838242744,0.0,,,,0.1557459779991247
Quadro NVS 420,550,550,700,0.25,3,64,8,4,4,PCIe 2.0 x16,40,200 W,https://www.techpowerup.com/gpu-specs/quadro-nvs-420.c1448,0.004399944034418832,0.13338694418164618,0.003498365725862038,0.0008384553827039231,0.0,,,,0.044409285546096175
Radeon R9 380,970,1000,1375,2.0,5,256,1792,112,32,PCIe 3.0 x16,190,450 W,https://www.techpowerup.com/gpu-specs/radeon-r9-380.c2734,0.20182587708559235,0.5818353831598864,0.1822245993622088,0.01474307892163838,0.0,39.0,28.0,16.0,0.19835569091409302
GeForce GTX 760,980,1085,1502,2.0,5,256,1152,96,32,PCIe 3.0 x16,170,450 W,https://www.techpowerup.com/gpu-specs/geforce-gtx-760.c1857,0.1493581447409843,0.4380321665089877,0.05437371331691761,0.010846962804511383,3.0,36.0,27.0,14.0,0.19188194215300194
T600,735,1335,1250,4.0,6,128,640,40,32,PCIe 3.0 x16,40,200 W,https://www.techpowerup.com/gpu-specs/t600.c3796,0.21001084333135123,0.641438032166509,0.1330480765349372,0.08559883986920604,0.0,,,,0.22101882382692234
Radeon Pro WX 3100,925,1219,1500,4.0,5,128,512,32,16,PCIe 3.0 x8,65,250 W,https://www.techpowerup.com/gpu-specs/radeon-pro-wx-3100.c2978,0.07422435202350555,0.4077578051087985,0.07050014128284825,0.018205561344478684,0.0,,,,0.16825958706347327
RTX A5500,1080,1695,2000,24.0,6,384,10240,320,96,PCIe 4.0 x16,230,550 W,https://www.techpowerup.com/gpu-specs/rtx-a5500.c3901,0.7805708489279094,0.8404257332071903,0.8896036316641786,0.40556991310494883,2.0,,,,0.665318939795635
Radeon R9 390 X2,1000,1000,1350,8.0,5,512,2560,160,64,PCIe 3.0 x16,580,950 W,https://www.techpowerup.com/gpu-specs/radeon-r9-390-x2.c2755,0.2656476267095736,0.6477861873226112,0.19156425378385758,0.029781209308588383,0.0,,,,0.2928861065073138
Quadro M6000,988,1114,1653,12.0,5,384,3072,192,96,PCIe 3.0 x16,250,600 W,https://www.techpowerup.com/gpu-specs/quadro-m6000.c2638,0.38098569379831404,0.6887417218543046,0.19988495539498644,0.03523771052426222,1.0,,,,0.38637236271384645
Quadro K6000,797,902,1502,12.0,5,384,2880,240,48,PCIe 3.0 x16,225,550 W,https://www.techpowerup.com/gpu-specs/quadro-k6000.c2426,0.2659414460107034,0.46925260170293287,0.0903201065676341,0.026046152763305453,0.0,,,,0.26450930676260703
Radeon Pro WX 9100,1200,1500,945,16.0,5,2048,4096,256,64,PCIe 3.0 x16,230,550 W,https://www.techpowerup.com/gpu-specs/radeon-pro-wx-9100.c2989,0.4454860260939522,0.67360454115421,0.37201792273846523,0.05127017643719578,0.0,,,,0.3731931445812384
Quadro NVS 295,540,540,695,0.25,3,64,8,4,4,PCIe 1.0 x16,23,200 W,https://www.techpowerup.com/gpu-specs/quadro-nvs-295.c1450,0.004407289516947077,0.13371807000946073,0.003498365725862038,0.0008384553827039231,0.0,,,,0.04324396979919777
Radeon PRO W6400,2039,2331,2000,4.0,6,64,768,48,32,PCIe 4.0 x4,50,250 W,https://www.techpowerup.com/gpu-specs/radeon-pro-w6400.c3873,0.18926859981111616,0.5307473982970672,0.24793965924263964,0.037764789678477524,0.0,,,,0.34205106333864965
Radeon R9 270X,1000,1020,1400,2.0,5,256,1280,80,32,PCIe 3.0 x16,180,450 W,https://www.techpowerup.com/gpu-specs/radeon-r9-270x.c2466,0.15453496099898562,0.5175023651844843,0.16871190408912926,0.013488111796091174,0.0,,,,0.19773441576034373
Radeon R9 290,947,1000,1250,4.0,5,512,2560,160,64,PCIe 3.0 x16,275,600 W,https://www.techpowerup.com/gpu-specs/radeon-r9-290.c2397,0.27646997096785475,0.6896877956480605,0.1986823821740989,0.028212982386882652,0.0,57.0,42.0,26.0,0.2436719322417305
Radeon Pro W5500,1744,1900,1750,8.0,6,128,1408,88,32,PCIe 4.0 x8,125,300 W,https://www.techpowerup.com/gpu-specs/radeon-pro-w5500.c3479,0.30655147084543005,0.7909176915799432,0.2339341218261817,0.03675558146544931,10.0,,,,0.3103998694071195
Quadro P620,1266,1354,1252,2.0,5,128,512,32,16,PCIe 3.0 x16,40,200 W,https://www.techpowerup.com/gpu-specs/quadro-p620.c3085,0.10965756060023087,0.48722800378429515,0.058359907964315984,0.007956581546545237,1.0,,,,0.18399134967109526
Radeon RX 460,1090,1210,1750,2.0,5,128,896,56,16,PCIe 3.0 x8,75,250 W,https://www.techpowerup.com/gpu-specs/radeon-rx-460.c2849,0.126237364021127,0.4824976348155156,0.1114620756468736,0.007497035408317993,0.0,27.0,20.0,12.0,0.17246069586972873
GeForce GTX 650,1058,1110,1250,1.0,5,128,384,32,16,PCIe 3.0 x16,65,250 W,https://www.techpowerup.com/gpu-specs/geforce-gtx-650.c2445,0.04421280912238973,0.27057710501419113,0.017297057280103337,0.0019516576466573944,1.0,,,,0.1519486709092041
Radeon R9 Fury,1000,1050,500,4.0,4,4096,3584,224,64,PCIe 3.0 x16,275,600 W,https://www.techpowerup.com/gpu-specs/radeon-r9-fury.c2736,0.31641540452621636,0.6915799432355725,0.35067412101885115,0.040653564319016094,0.0,,,,0.2675657141179746
Radeon VII,1400,1750,1000,16.0,5,4096,3840,240,64,PCIe 3.0 x16,295,600 W,https://www.techpowerup.com/gpu-specs/radeon-vii.c3358,0.5688201755920109,0.6887417218543046,0.4279356557542485,0.0538132682117736,2.0,126.0,94.0,56.0,0.40658381981458724
GeForce GTX 750,1020,1137,1253,1.0,5,128,512,32,16,PCIe 3.0 x16,55,250 W,https://www.techpowerup.com/gpu-specs/geforce-gtx-750.c1986,0.10122774493686383,0.3973509933774834,0.04342429257659548,0.0028802595681718408,0.0,,,,0.15870399793121912
Radeon HD 6570,650,480,1000,2.0,5,128,480,24,8,PCIe 2.0 x16,60,250 W,https://www.techpowerup.com/gpu-specs/radeon-hd-6570.c277,0.01912352653118333,0.26384815515610216,0.004450409720259961,0.003639891239650704,0.0,,,,0.06532073998438925
GeForce 8400 GS,459,520,400,0.25,2,64,16,8,4,PCIe 1.0 x16,40,200 W,https://www.techpowerup.com/gpu-specs/geforce-8400-gs.c205,0.004399944034418832,0.13338694418164618,0.003498365725862038,0.000876379204556062,0.0,,,,0.03718860069574893
GeForce GT 610,810,810,898,1.0,3,64,48,8,4,PCIe 2.0 x16,29,200 W,https://www.techpowerup.com/gpu-specs/geforce-gt-610.c821,0.0056225596258301196,0.14699080956886063,0.0033907883582933026,0.0006148142367725657,0.0,,,,0.075992537765897
Quadro K4200,771,771,1350,4.0,5,256,1344,112,32,PCIe 2.0 x16,108,300 W,https://www.techpowerup.com/gpu-specs/quadro-k4200.c2602,0.13403756689635876,0.4181646168401135,0.048086626569248773,0.02076774891476816,0.0,,,,0.17178044673993137
Quadro GP100,1304,1441,715,16.0,5,4096,3584,224,96,PCIe 3.0 x16,235,550 W,https://www.techpowerup.com/gpu-specs/quadro-gp100.c2994,0.5490923082304383,0.7549668874172186,0.3583336697210673,0.04551436239474742,0.0,,,,0.3796582693690932
Radeon Pro W5700,1400,1930,1750,8.0,6,256,2304,144,64,PCIe 4.0 x16,205,550 W,https://www.techpowerup.com/gpu-specs/radeon-pro-w5700.c3466,0.5099863583895904,0.8022705771050143,0.30862229039680295,0.06251807444606126,6.0,,,,0.4016944660273183
GeForce GTX 780 Ti,875,1072,1753,3.0,5,384,2880,240,48,PCIe 3.0 x16,250,600 W,https://www.techpowerup.com/gpu-specs/geforce-gtx-780-ti.c2512,0.30805554583930883,0.5354777672658468,0.11256206353691518,0.027949022794076014,1.0,,,,0.28431967452243245
Quadro M4000,773,773,1502,8.0,5,256,1664,104,64,PCIe 3.0 x16,120,300 W,https://www.techpowerup.com/gpu-specs/quadro-m4000.c2757,0.21473293924236597,0.5950804162724692,0.0944475840632947,0.01626585387125945,5.0,,,,0.24314264242388955
GeForce GTX 780,863,967,1502,3.0,5,384,2304,192,48,PCIe 3.0 x16,86,250 W,https://www.techpowerup.com/gpu-specs/geforce-7800-gtx.c127,0.2629332960229459,0.511825922421949,0.09130908650546965,0.0212073500452148,1.0,55.0,40.0,24.0,0.23719818348063942
Radeon HD 4550,550,600,700,0.25,3,64,80,8,4,PCIe 2.0 x16,25,200 W,https://www.techpowerup.com/gpu-specs/radeon-hd-4550.c232,0.004053307216062122,0.1301419110690634,0.003498365725862038,0.0008111275853152119,0.0,,,,0.052423150673143376
Radeon Pro WX 5100,713,1206,1250,8.0,5,256,1792,112,32,PCIe 3.0 x16,75,250 W,https://www.techpowerup.com/gpu-specs/radeon-pro-wx-5100.c2873,0.17510231207807198,0.7190160832544938,0.1649275420821055,0.025338858567172676,0.0,,,,0.23510309255355163
Radeon HD 7750,800,800,1125,1.0,5,128,512,32,16,PCIe 3.0 x16,55,250 W,https://www.techpowerup.com/gpu-specs/radeon-hd-7750.c309,0.041659379481618804,0.3197729422894986,0.014021237623443077,0.0022689263358258854,0.0,18.0,8.0,5.0,0.14222828915543345
Vega Frontier Edition Liquid,1382,1600,945,16.0,5,2048,4096,256,64,PCIe 3.0 x16,375,750 W,https://www.techpowerup.com/gpu-specs/radeon-vega-frontier-edition-watercooled.c2982,0.5340938822624086,0.6965468306527909,0.36554095431129635,0.062365920125101976,0.0,,,,0.3848463020487153
Quadro P2200,1000,1493,1251,5.0,5,160,1280,80,40,PCIe 3.0 x16,75,250 W,https://www.techpowerup.com/gpu-specs/quadro-p2200.c3442,0.31414180279128334,0.8618732261116366,0.16280829935817218,0.02402199076730518,3.0,,,,0.27002415389084744
GeForce GTX 950 75W,1026,1228,1653,2.0,5,128,768,48,32,PCIe 3.0 x16,75,250 W,https://www.techpowerup.com/gpu-specs/geforce-gtx-950-low-power.c2841,0.1358277659239568,0.48000000000000004,0.09463806443769619,0.009517922964989515,0.0,,,,0.20836585954748169
Radeon R7 370,925,1070,1400,2.0,5,256,1024,64,32,PCIe 3.0 x16,110,300 W,https://www.techpowerup.com/gpu-specs/radeon-r7-370.c2645,0.1390045122249816,0.5061494796594135,0.13576272554797558,0.011786367315587102,0.0,29.0,20.0,12.0,0.1745970329608888
Quadro K620,1058,1058,900,2.0,3,128,384,24,16,PCIe 2.0 x16,45,200 W,https://www.techpowerup.com/gpu-specs/quadro-k620.c2600,0.0608975480079751,0.38978240302743616,0.031082226617688613,0.004610992017406551,2.0,,,,0.13735947905537949
FirePro W9100,930,930,1250,16.0,5,512,2816,176,64,PCIe 3.0 x16,275,600 W,https://www.techpowerup.com/gpu-specs/firepro-w9100.c2562,0.25233481408933506,0.6906338694418164,0.18733096516368622,0.0308094215106182,0.0,,,,0.2925757981546368
GeForce GTX 260,576,680,999,0.875,3,448,192,64,28,PCIe 2.0 x16,182,450 W,https://www.techpowerup.com/gpu-specs/geforce-gtx-260.c217,0.025044597572492916,0.02649006622516556,0.038368184722290206,0.011206363123080657,0.0,14.0,9.0,5.0,0.1389914147748879
GeForce GTX 560 Ti,823,900,1002,1.0,5,256,384,64,32,PCIe 2.0 x16,170,450 W,https://www.techpowerup.com/gpu-specs/geforce-gtx-560-ti.c273,0.08923012347406345,0.33680227057710505,0.0389637912243168,0.0117060746969996,0.0,31.0,21.0,10.0,0.17569757025027427
Radeon HD 7990,950,950,1500,3.0,5,384,2048,128,32,PCIe 3.0 x16,375,750 W,https://www.techpowerup.com/gpu-specs/radeon-hd-7990.c2126,0.17702612893070763,0.6679280983916747,0.16311171107228248,0.022152094646597703,0.0,73.0,56.0,32.0,0.28251442480827693
Radeon R9 280X,850,1070,1500,3.0,5,384,2048,128,32,PCIe 3.0 x16,250,600 W,https://www.techpowerup.com/gpu-specs/radeon-r9-280x.c2398,0.20214068347966002,0.5979186376537371,0.19570556832725133,0.02361512637958709,0.0,46.0,33.0,20.0,0.2156082313624007
Quadro P600,1329,1455,1002,2.0,5,128,384,24,16,PCIe 3.0 x16,40,200 W,https://www.techpowerup.com/gpu-specs/quadro-p600.c2933,0.09860435831963343,0.39924314096499525,0.051346223711298586,0.0055729350758247035,0.0,,,,0.19183758774726972
Radeon R9 295X2,1018,1018,1250,4.0,5,512,2816,176,64,PCIe 3.0 x16,500,900 W,https://www.techpowerup.com/gpu-specs/radeon-r9-295x2.c2523,0.2838154534960999,0.7038789025543992,0.22329517581777178,0.02954160144564967,0.0,101.0,73.0,46.0,0.3461513751298021
Radeon Pro WX 2100,925,1219,1500,2.0,5,64,512,32,16,PCIe 3.0 x8,35,200 W,https://www.techpowerup.com/gpu-specs/radeon-pro-wx-2100.c2979,0.0915124698310539,0.4335099337748345,0.06138739756993501,0.004690068197084528,0.0,,,,0.1693029271060596
GeForce GTX 550 Ti,900,910,1026,1.0,5,192,192,32,24,PCIe 2.0 x16,116,300 W,https://www.techpowerup.com/gpu-specs/geforce-gtx-550-ti.c274,0.03679736961768513,0.28666035950804164,0.021575909256044884,0.0018594837096643413,0.0,19.0,9.0,5.0,0.14439699499039896
Radeon R9 Fury X,1050,1050,500,4.0,4,4096,4096,256,64,PCIe 3.0 x16,275,600 W,https://www.techpowerup.com/gpu-specs/radeon-r9-fury-x.c2677,0.3351988527055861,0.7710501419110691,0.36820669358669283,0.04457512619597368,0.0,,,,0.28325951797320126
GeForce GTX 650 Ti,928,928,1350,1.0,5,128,768,64,16,PCIe 3.0 x16,110,300 W,https://www.techpowerup.com/gpu-specs/geforce-gtx-650-ti.c1188,0.07072650320053167,0.3216650898770104,0.03188955717918701,0.0076051837128775675,0.0,26.0,13.0,8.0,0.1595131983475466
Quadro K2200,1046,1046,1253,4.0,5,128,640,40,16,PCIe 2.0 x16,68,250 W,https://www.techpowerup.com/gpu-specs/quadro-k2200.c2601,0.10619469026548672,0.4484389782403027,0.05586727485568966,0.0076513242352883575,1.0,,,,0.15202307557405825
Quadro GV100,1132,1447,848,32.0,5,4096,5120,320,128,PCIe 3.0 x16,250,600 W,https://www.techpowerup.com/gpu-specs/quadro-gv100.c3066,0.6005806429046137,0.7388836329233681,0.6623945424454042,0.23174858770677553,0.0,,,,0.4898600431533955
GeForce GTX 660 Ti,915,1028,1502,2.0,5,192,1344,112,24,PCIe 3.0 x16,150,450 W,https://www.techpowerup.com/gpu-specs/geforce-gtx-660-ti.c364,0.13508692154325092,0.3680227057710501,0.06013603519961248,0.0093726235450549,0.0,43.0,30.0,13.0,0.20159256529463854
Radeon R9 390X,1050,1100,1500,8.0,5,512,2816,176,64,PCIe 3.0 x16,275,600 W,https://www.techpowerup.com/gpu-specs/radeon-r9-390x.c2663,0.3147364370911889,0.737937559129612,0.19859709760690128,0.03325855676791418,0.0,64.0,48.0,28.0,0.25985630414445815
Quadro K2000,954,954,1000,2.0,5,128,384,32,16,PCIe 2.0 x16,51,250 W,https://www.techpowerup.com/gpu-specs/quadro-k2000.c1838,0.037147154499982515,0.29422894985808895,0.01456222500302749,0.003450746465059131,0.0,,,,0.13376974523075916
Quadro P6000,1506,1531,1127,24.0,5,384,3840,240,96,PCIe 3.0 x16,250,600 W,https://www.techpowerup.com/gpu-specs/quadro-p6000.c2865,0.5353807408443807,0.6745506149479659,0.3229120413353247,0.06275524178062175,2.0,,,,0.4585067351956328
GeForce GTX 670,915,1006,1502,2.0,5,256,1344,112,32,PCIe 3.0 x16,170,450 W,https://www.techpowerup.com/gpu-specs/geforce-gtx-670.c362,0.16786176501451605,0.4380321665089877,0.061720421426553096,0.014695194071734703,2.0,48.0,34.0,15.0,0.2134395255274352
Vega Frontier Edition,1382,1600,945,16.0,5,2048,4096,256,64,PCIe 3.0 x16,300,700 W,https://www.techpowerup.com/gpu-specs/radeon-vega-frontier-edition.c2958,0.527350029731715,0.697814569536424,0.36554095431129635,0.062365920125101976,0.0,,,,0.3848463020487153
Quadro 4000,475,475,702,2.0,5,256,256,32,32,PCIe 2.0 x16,142,300 W,https://www.techpowerup.com/gpu-specs/quadro-4000.c898,0.03441883241806289,0.28949858088930935,0.01665119283090461,0.004197020260210816,0.0,,,,0.10346605270491667
Radeon Pro VII,1400,1700,1000,16.0,5,4096,3840,240,64,PCIe 4.0 x16,250,600 W,https://www.techpowerup.com/gpu-specs/radeon-pro-vii.c3575,0.5718283255797685,0.6244087038789026,0.49037258305413145,0.053958827750720355,0.0,,,,0.35526567643080686
FirePro W5000,825,825,800,2.0,5,256,768,48,32,PCIe 3.0 x16,75,250 W,https://www.techpowerup.com/gpu-specs/firepro-w5000.c588,0.08923012347406345,0.4985808893093661,0.08506236628587574,0.011772167877750183,0.0,,,,0.1593169548145973
Radeon R9 380X,970,1040,1425,4.0,5,256,2048,128,32,PCIe 3.0 x16,190,450 W,https://www.techpowerup.com/gpu-specs/radeon-r9-380x.c2758,0.19881772709783485,0.5771050141911069,0.19149830381102645,0.023104979442947492,0.0,44.0,32.0,19.0,0.21130318843627516
Quadro FX 1800,550,550,800,0.75,3,192,64,32,12,PCIe 2.0 x16,59,250 W,https://www.techpowerup.com/gpu-specs/quadro-fx-1800.c1323,0.009135331770960854,0.16755912961210975,0.00774934128342868,0.0011512637958708434,0.0,,,,0.06060749263204017
Quadro 2000D,625,625,650,1.0,5,128,192,32,16,PCIe 2.0 x16,62,250 W,https://www.techpowerup.com/gpu-specs/quadro-2000d.c901,0.016929588303193535,0.24976348155156103,0.012493440439187823,0.0014298512578284391,0.0,,,,0.09001739537156886
GeForce GTX 480,701,700,924,1.5,5,384,480,60,48,PCIe 2.0 x16,250,600 W,https://www.techpowerup.com/gpu-specs/geforce-gtx-480.c268,0.12609745006820805,0.36613055818353835,0.05204254632059096,0.012609483327136378,0.0,27.0,18.0,11.0,0.1692238214891832
GeForce FX 5200,250,250,200,0.125,1,128,4,2,4,AGP 8x,40,200 W,https://www.techpowerup.com/gpu-specs/geforce-fx-5200.c60,0.0063492077372416,0.14880321665089877,0.007747529251462481,0.000886324931489244,0.0,,,,0.0
GeForce GT 220,600,625,700,1.0,3,128,48,24,8,PCIe 2.0 x16,58,250 W,https://www.techpowerup.com/gpu-specs/geforce-gt-220.c2246,0.007334639196893915,0.16607379375591297,0.008774394288164889,0.0009462747132187911,0.0,,,,0.06182245590834069
Radeon HD 6770,850,850,1200,1.0,5,128,800,40,16,PCIe 2.0 x16,108,300 W,https://www.techpowerup.com/gpu-specs/radeon-hd-6770.c280,0.025394382454790303,0.239356669820246,0.012634723287450045,0.006606089539084405,0.0,,,,0.13369410503363288
Radeon HD 7950,800,850,1250,3.0,5,384,1792,112,32,PCIe 3.0 x16,200,550 W,https://www.techpowerup.com/gpu-specs/radeon-hd-7950.c307,0.16686347896043935,0.4877010406811731,0.15361482258910908,0.021030400261955125,0.0,44.0,31.0,13.0,0.2037289023857986
Radeon R9 290X,1000,1040,1250,4.0,5,512,2816,176,64,PCIe 3.0 x16,290,600 W,https://www.techpowerup.com/gpu-specs/radeon-r9-290x.c2460,0.28993668893630414,0.6877956480605487,0.2643301174665967,0.03002520859249604,0.0,61.0,45.0,27.0,0.25228201809398165
Quadro M5000,861,1038,1653,8.0,5,256,2048,128,64,PCIe 3.0 x16,150,450 W,https://www.techpowerup.com/gpu-specs/quadro-m5000.c2756,0.3063066214278219,0.5856196783349101,0.1482460743551447,0.023618041242634426,1.0,,,,0.2857938626499447
GeForce GT 630,810,780,900,1.0,3,128,96,16,4,PCIe 2.0 x16,65,250 W,https://www.techpowerup.com/gpu-specs/geforce-gt-630.c816,0.006226170904893493,0.14001892147587514,0.00904210228878214,0.0006894530921265037,0.0,,,,0.0731210923843691
Radeon HD 7850,860,920,1200,2.0,5,256,1024,64,32,PCIe 3.0 x16,130,300 W,https://www.techpowerup.com/gpu-specs/radeon-hd-7850.c1055,0.11616355941096225,0.46357615894039733,0.061659646906683074,0.01204693771067727,0.0,34.0,23.0,11.0,0.18217131901136535
FirePro W7100,920,824,1250,8.0,5,256,1792,112,32,PCIe 3.0 x16,150,450 W,https://www.techpowerup.com/gpu-specs/firepro-w7100.c2610,0.16334954003287977,0.5742667928098393,0.14526904290961934,0.021556988250271192,0.0,,,,0.19058803095254634
GeForce 9800 GTX+,738,738,1100,0.5,3,256,128,64,16,PCIe 2.0 x16,140,300 W,https://www.techpowerup.com/gpu-specs/geforce-9800-gtx.c237,0.0011542901115813783,0.07473982970671714,0.028846225387016956,0.01078220847161718,0.0,,,,0.09233712836576347
GeForce GTX 580,772,772,1002,1.5,5,384,512,64,48,PCIe 2.0 x16,244,550 W,https://www.techpowerup.com/gpu-specs/geforce-gtx-580.c270,0.14106824303053622,0.37464522232734154,0.06301215032495054,0.012585039790558292,0.0,41.0,29.0,13.0,0.19835569091409302
GeForce GTX 680,1006,1006,1502,2.0,5,256,1536,128,32,PCIe 3.0 x16,195,450 W,https://www.techpowerup.com/gpu-specs/geforce-gtx-680.c342,0.17594179579558572,0.4427625354777673,0.06942033665684413,0.014338540303910807,0.0,51.0,37.0,18.0,0.2231501486690718
Radeon R7 360,1000,1070,1500,2.0,5,128,768,48,16,PCIe 3.0 x16,100,300 W,https://www.techpowerup.com/gpu-specs/radeon-r7-360.c2733,0.0884605967330092,0.41154210028382215,0.10006862309772735,0.007598298209616137,0.0,,,,0.15874328433825902
Radeon Pro Duo Polaris,1243,1243,1750,16.0,5,256,2304,144,32,PCIe 3.0 x16,250,600 W,https://www.techpowerup.com/gpu-specs/radeon-pro-duo-polaris.c2953,0.2886047081045157,0.6706811731315043,0.21218681894975447,0.027465683416800953,0.0,,,,0.2551085646637863
GeForce GTX 560,810,810,1000,1.0,5,256,336,56,32,PCIe 2.0 x16,150,450 W,https://www.techpowerup.com/gpu-specs/geforce-gtx-560.c287,0.0771625450348036,0.3386944181646168,0.03382715052678319,0.0116856783062274,0.0,27.0,13.0,8.0,0.16058136689312663
GeForce GTX 690,915,915,1502,2.0,5,256,1536,128,32,PCIe 3.0 x16,300,700 W,https://www.techpowerup.com/gpu-specs/geforce-gtx-690.c361,0.18010423589492464,0.37653736991485337,0.06482864408832197,0.013852997565592062,0.0,78.0,61.0,31.0,0.29222504794991355
GeForce 210,520,589,400,0.5,3,64,16,8,4,PCIe 2.0 x16,31,200 W,https://www.techpowerup.com/gpu-specs/geforce-210.c2020,0.004407289516947077,0.13371807000946073,0.003498365725862038,0.0007924449197991891,0.0,,,,0.04933681610394758
Quadro K4000,810,810,1404,3.0,5,192,768,64,24,PCIe 2.0 x16,80,250 W,https://www.techpowerup.com/gpu-specs/quadro-k4000.c1841,0.07677778166427647,0.33964049195837276,0.02687401606587817,0.01787937210330702,0.0,,,,0.14363598097804464
GeForce GT 640,513,901,792,0.625,3,320,96,24,20,PCIe 1.0 x16,143,300 W,https://www.techpowerup.com/gpu-specs/geforce-8800-gts-640.c757,0.02368043653153311,0.21286660359508042,0.01490534049166431,0.0008086641052594535,2.0,10.0,5.0,3.0,0.12821262308767128
GeForce 8500 GT,459,450,400,0.25,3,128,16,8,4,PCIe 1.0 x16,30,200 W,https://www.techpowerup.com/gpu-specs/geforce-8500-gt.c765,0.006483525132043793,0.1490964995269631,0.007747529251462481,0.0008285096557707412,0.0,,,,0.032095587166736717
GeForce GTX 650 Ti Boost,980,1072,1502,2.0,5,192,768,64,24,PCIe 3.0 x16,134,300 W,https://www.techpowerup.com/gpu-specs/geforce-gtx-650-ti-boost.c2059,0.11329042638777152,0.4188268684957427,0.08571791324167088,0.008268938576720567,0.0,29.0,17.0,11.0,0.17029199003476322
Radeon R9 270,900,975,1400,2.0,5,256,1280,80,32,PCIe 3.0 x16,150,450 W,https://www.techpowerup.com/gpu-specs/radeon-r9-270.c2458,0.13295323376123686,0.47965941343424784,0.0963549025148347,0.013467233420090671,0.0,32.0,21.0,13.0,0.18000261317639982
FirePro W2100,630,630,900,2.0,3,128,320,20,8,PCIe 3.0 x8,26,200 W,https://www.techpowerup.com/gpu-specs/firepro-w2100.c2612,0.013466717968449404,0.25260170293282874,0.01772090582489,0.0029141285936589104,0.0,,,,0.06991694635998152
Radeon HD 7770,1000,1020,1125,1.0,5,128,640,40,16,PCIe 3.0 x16,80,250 W,https://www.techpowerup.com/gpu-specs/radeon-hd-7770-ghz-edition.c308,0.05942845150232608,0.3888363292336802,0.08068259798974689,0.007289644050083614,0.0,,,,0.14899325464372848
Quadro K5000,706,706,1350,4.0,5,256,1536,128,32,PCIe 2.0 x16,122,300 W,https://www.techpowerup.com/gpu-specs/quadro-k5000.c565,0.11878694602819266,0.3547776726584674,0.0397711217858152,0.021133812870382677,0.0,,,,0.17024830905499866
GeForce GT 730,350,902,325,0.125,2,128,8,4,8,PCIe 1.0 x16,24,200 W,https://www.techpowerup.com/gpu-specs/geforce-7300-gt.c175,0.010738395886529785,0.16840113528855252,0.013220037944536389,0.001803236798577608,2.0,,,,0.08808016969126803
FirePro W4100,630,630,1000,2.0,5,128,512,32,16,PCIe 3.0 x16,50,250 W,https://www.techpowerup.com/gpu-specs/firepro-w4100.c2611,0.036237713806009306,0.4493850520340587,0.040487627659145035,0.0038810904188987146,0.0,,,,0.09962248949586773
GeForce GTX 570,732,797,950,1.25,5,320,480,60,40,PCIe 2.0 x16,219,550 W,https://www.techpowerup.com/gpu-specs/geforce-gtx-570.c269,0.11882192451642241,0.3841059602649007,0.052375570177209056,0.012318853885030455,0.0,37.0,25.0,12.0,0.18864506777245643
Radeon HD 6670,800,800,1000,1.0,5,128,480,24,8,PCIe 2.0 x16,66,250 W,https://www.techpowerup.com/gpu-specs/radeon-hd-6670.c406,0.008394837175137292,0.1665089877010407,0.005560489242320268,0.0021372755134672784,0.0,,,,0.10261084393035709
GeForce GTX Titan,836,876,1502,6.0,5,384,2688,224,48,PCIe 3.0 x16,250,600 W,https://www.techpowerup.com/gpu-specs/geforce-gtx-titan.c1996,0.28161180873762637,0.5676442762535479,0.0848185249730035,0.025024979075720637,0.0,,,,0.2554370711446597
Radeon R7 260X,1100,1050,1625,2.0,5,128,896,56,16,PCIe 3.0 x16,115,300 W,https://www.techpowerup.com/gpu-specs/radeon-r7-260x.c2465,0.09241316590296968,0.4219489120151372,0.08788146549550756,0.0075624629904199655,0.0,,,,0.16033610380977614
Quadro 400,450,450,770,0.5,3,64,48,16,8,PCIe 2.0 x16,32,200 W,https://www.techpowerup.com/gpu-specs/quadro-400.c1317,0.00512190003148064,0.13864711447492906,0.0055027499580676655,0.0010175702742113446,0.0,,,,0.04215829388847636
FirePro 2270,600,600,600,0.5,3,64,80,8,4,PCIe 2.0 x16,15,200 W,https://www.techpowerup.com/gpu-specs/firepro-2270.c1183,0.004053307216062122,0.1301419110690634,0.003498365725862038,0.0007831494903962537,0.0,,,,0.052423150673143376
Quadro 410,706,706,891,0.5,3,64,192,16,8,PCIe 2.0 x16,38,200 W,https://www.techpowerup.com/gpu-specs/quadro-410.c1316,0.004527265731575081,0.13501419110690635,0.004208210551810439,0.0010822634026321015,0.0,,,,0.07605047335076613
GeForce 9500 GT,600,550,1000,0.5,3,128,32,16,8,PCIe 2.0 x16,50,250 W,https://www.techpowerup.com/gpu-specs/geforce-9500-gt.c3373,0.006686925041099724,0.159399243140965,0.006355979060034423,0.0010175702742113446,0.0,,,,0.052316989517687165
GeForce GTX 460,675,715,900,1.0,5,256,336,56,32,PCIe 2.0 x16,160,450 W,https://www.techpowerup.com/gpu-specs/geforce-gtx-460.c265,0.06240162300185387,0.3036896877956481,0.027398780930852133,0.0116856783062274,0.0,,,,0.1346326691130777
Radeon HD 6450,625,625,500,0.5,3,64,160,8,4,PCIe 2.0 x16,18,200 W,https://www.techpowerup.com/gpu-specs/radeon-hd-6450.c402,0.003988247227954808,0.12880794701986756,0.0010596213619666571,0.0007831494903962537,0.0,,,,0.057592049111862935
GeForce GTX Titan Z,705,876,1750,6.0,5,384,2880,240,48,PCIe 3.0 x16,375,750 W,https://www.techpowerup.com/gpu-specs/geforce-gtx-titan-z.c2575,0.2709542131589072,0.5478902554399243,0.08676610631158727,0.02470269161973047,0.0,,,,0.26147948585337927
Quadro K1200,1058,1124,1250,4.0,5,128,512,32,16,PCIe 2.0 x16,45,200 W,https://www.techpowerup.com/gpu-specs/quadro-k1200.c2641,0.08286403861625101,0.48722800378429515,0.042354579582610095,0.017932405779538446,0.0,,,,0.15718908745851778
Quadro K600,876,876,891,1.0,3,128,192,16,16,PCIe 2.0 x16,41,200 W,https://www.techpowerup.com/gpu-specs/quadro-k600.c1839,0.00923432089265102,0.19205298013245034,0.005267831913777095,0.0010364901070619283,0.0,,,,0.11042279422923679
Radeon R7 250,925,1100,900,1.0,3,128,512,32,16,PCIe 3.0 x16,55,250 W,https://www.techpowerup.com/gpu-specs/radeon-r7-250.c2956,0.02259610339641121,0.22327341532639544,0.05173979736002906,0.0026540631354745733,0.0,14.0,8.0,5.0,0.13792324622930788
GeForce GT 720,797,797,800,1.0,3,64,192,16,8,PCIe 2.0 x8,19,200 W,https://www.techpowerup.com/gpu-specs/geforce-gt-720.c2702,0.0035328273112036103,0.12866603595080417,0.007790739918459614,0.0009985127312955326,0.0,,,,0.0866548466551535
Radeon HD 4350,450,575,800,0.5,3,64,80,8,4,PCIe 2.0 x16,20,200 W,https://www.techpowerup.com/gpu-specs/radeon-hd-4350.c423,0.0042558326629123094,0.13103122043519394,0.003498365725862038,0.0007831494903962537,0.0,,,,0.04950986130476688
GeForce GT 520,810,810,900,1.0,3,64,48,8,4,PCIe 2.0 x16,29,200 W,https://www.techpowerup.com/gpu-specs/geforce-gt-520.c285,0.0056225596258301196,0.14699080956886063,0.0032797804060872727,0.0006148142367725657,0.0,,,,0.075992537765897
Radeon HD 7870 GHz Edition,1000,1000,1200,2.0,5,256,1280,80,32,PCIe 3.0 x16,175,450 W,https://www.techpowerup.com/gpu-specs/radeon-hd-7870-ghz-edition.c339,0.13703662247717652,0.47869441816461683,0.09360845230596176,0.013397674536031835,0.0,,,,0.19540378425599586
Radeon R9 280,827,940,1250,3.0,5,384,1792,112,32,PCIe 3.0 x16,200,550 W,https://www.techpowerup.com/gpu-specs/radeon-r9-280.c2405,0.18059393473014096,0.5856196783349101,0.20585920155007464,0.021790368558037888,0.0,38.0,28.0,16.0,0.19725515362470752
Radeon Pro Duo,1000,1000,500,4.0,4,4096,4096,256,64,PCIe 3.0 x16,350,750 W,https://www.techpowerup.com/gpu-specs/radeon-pro-duo.c2828,0.27349679946832695,0.6196783349101229,0.323689097000767,0.04369392713913461,0.0,,,,0.27743293922740453
GeForce GT 740,993,1059,1253,1.0,5,128,384,32,16,PCIe 3.0 x16,64,250 W,https://www.techpowerup.com/gpu-specs/geforce-gt-740.c1987,0.03581797194725244,0.2686849574266793,0.017377790336253175,0.0021734397067081678,0.0,,,,0.14600556059693226
Radeon Pro WX 8200,1200,1530,1000,8.0,5,2048,3584,224,64,PCIe 3.0 x16,230,550 W,https://www.techpowerup.com/gpu-specs/radeon-pro-wx-8200.c3303,0.47588233236559513,0.7228003784295176,0.3606345618213377,0.05476071346054687,0.0,,,,0.3609952879734898
Radeon HD 3450,600,600,500,0.25,2,64,40,4,4,PCIe 2.0 x16,25,200 W,https://www.techpowerup.com/gpu-specs/radeon-hd-3450.c224,0.004204764070096893,0.13282876064333018,0.003498365725862038,0.0008123363736655522,0.0,,,,0.04703057116625954
Quadro 6000,574,574,747,6.0,5,384,448,56,48,PCIe 2.0 x16,204,550 W,https://www.techpowerup.com/gpu-specs/quadro-6000.c896,0.07639301829374935,0.37653736991485337,0.03776288701408791,0.019666397366983536,0.0,,,,0.15048347605835288
GeForce GTS 450,783,783,902,1.0,5,128,192,32,16,PCIe 2.0 x16,106,300 W,https://www.techpowerup.com/gpu-specs/geforce-gts-450.c1778,0.02854244639546679,0.22989593188268687,0.018053929681508093,0.0014317103437090255,0.0,14.0,7.0,4.0,0.13575454039434237
GeForce GTX Titan Black,889,980,1750,6.0,5,384,2880,240,48,PCIe 3.0 x16,250,600 W,https://www.techpowerup.com/gpu-specs/geforce-gtx-titan-black.c2549,0.2714614012382385,0.5435950804162726,0.10132930271055487,0.026244072729275775,0.0,,,,0.27359876956264007
Quadro K420,876,891,891,1.0,3,128,192,16,16,PCIe 2.0 x16,41,200 W,https://www.techpowerup.com/gpu-specs/quadro-k420.c2599,0.009444191822029453,0.20813623462630088,0.005166915593589796,0.0010364901070619283,0.0,,,,0.11217076783941021
FirePro W9000,975,975,1375,6.0,5,384,2048,128,32,PCIe 3.0 x16,274,600 W,https://www.techpowerup.com/gpu-specs/firepro-w9000.c585,0.19703382419811816,0.6244087038789026,0.13783151011181527,0.02295323060162466,0.0,,,,0.2139445205928231
Quadro K5200,667,667,1502,8.0,5,256,2304,192,48,PCIe 3.0 x16,150,450 W,https://www.techpowerup.com/gpu-specs/quadro-k5200.c2603,0.1845115254118717,0.41721854304635764,0.07291204133532474,0.020749846606288452,1.0,,,,0.22108382274901758
GeForce 9400 GT,550,550,400,0.5,2,128,16,8,4,PCIe 2.0 x16,50,250 W,https://www.techpowerup.com/gpu-specs/geforce-9400-gt.c3159,0.006100510685928158,0.14931409649952695,0.006355979060034423,0.0008403144685845099,0.0,,,,0.03964120789837969
Radeon HD 4870,550,750,888,0.5,5,256,800,40,16,PCIe 2.0 x16,150,450 W,https://www.techpowerup.com/gpu-specs/radeon-hd-4870.c219,0.030990940571548498,0.011352885525070966,0.014677260545853905,0.009712086506402746,0.0,14.0,9.0,5.0,0.1389914147748879
GeForce 9800 GT,600,600,900,0.5,3,256,112,56,16,PCIe 2.0 x16,125,300 W,https://www.techpowerup.com/gpu-specs/geforce-9800-gt.c635,0.014907831683514644,0.0950898770104068,0.027189612809036527,0.010749502331125371,0.0,,,,0.07549017275962647
Radeon HD 6950,800,800,1250,2.0,5,256,1408,88,32,PCIe 2.0 x16,200,550 W,https://www.techpowerup.com/gpu-specs/radeon-hd-6950.c405,0.07502885725278953,0.3415326395458846,0.021343801719614093,0.013197604762932118,0.0,31.0,21.0,10.0,0.17569757025027427
Radeon HD 7870,925,1100,1500,2.0,5,256,1536,96,32,PCIe 3.0 x16,175,450 W,https://www.techpowerup.com/gpu-specs/radeon-hd-7870-ghz-edition.c339,0.1453705970827941,0.4985808893093661,0.07567772352369077,0.012884123100557423,0.0,,,,0.21490384366314436
Radeon R5 230,625,625,667,1.0,3,64,160,8,4,PCIe 2.0 x16,19,200 W,https://www.techpowerup.com/gpu-specs/radeon-r5-230.c2576,0.004196719017804051,0.1300946073793756,0.0010999878900415777,0.0006975397331790984,0.0,,,,0.057592049111862935
FirePro W5100,930,930,1500,4.0,5,128,768,48,16,PCIe 3.0 x16,50,250 W,https://www.techpowerup.com/gpu-specs/firepro-w5100.c2585,0.08576725313931932,0.45506149479659413,0.08542566503855002,0.01853806229697329,0.0,,,,0.14242886386811565
Radeon HD 4670,675,750,800,0.5,3,128,320,32,8,MXM-A (3.0),35,200 W,https://www.techpowerup.com/gpu-specs/mobility-radeon-hd-4670.c1150,0.011971737381510372,0.18253547776726584,0.00910024754919665,0.0013905962386790889,0.0,,,,0.0843724500303978
GeForce GTX 295,576,576,999,0.875,3,448,240,80,28,PCIe 2.0 x16,289,600 W,https://www.techpowerup.com/gpu-specs/geforce-gtx-295.c239,0.023295673161005982,0.08514664143803216,0.02164184440586042,0.011161668556354776,0.0,,,,0.09752373853264251
Radeon HD 6850,775,775,1000,1.0,5,256,960,48,32,PCIe 2.0 x16,127,300 W,https://www.techpowerup.com/gpu-specs/radeon-hd-6850.c255,0.05155829165063486,0.34531693472090824,0.026682260781007442,0.011890093596941001,0.0,23.0,12.0,7.0,0.15410761813203555
Radeon HD 5770,850,850,1195,1.0,5,128,800,40,16,PCIe 2.0 x16,108,300 W,https://www.techpowerup.com/gpu-specs/radeon-hd-5770.c250,0.02959180104235895,0.2535477767265847,0.002674282484963468,0.006606089539084405,0.0,,,,0.13369410503363288
GeForce GTX 590,608,630,854,1.5,5,384,512,64,48,PCIe 2.0 x16,365,750 W,https://www.techpowerup.com/gpu-specs/geforce-gtx-590.c281,0.09800972401972786,0.38789025543992434,0.050760909054212246,0.012629879717908582,0.0,59.0,42.0,19.0,0.23826635202621946
Radeon 9550,250,250,200,0.0625,1,64,4,2,4,AGP 8x,40,200 W,https://www.techpowerup.com/gpu-specs/radeon-9550.c33,0.004399944034418832,0.13338694418164618,0.004889915917290098,0.000886324931489244,0.0,,,,0.0010433400373108387
GeForce GTX 470,608,607,837,1.25,5,320,448,56,40,PCIe 2.0 x16,215,550 W,https://www.techpowerup.com/gpu-specs/geforce-gtx-470.c267,0.09241316590296968,0.3036896877956481,0.043989423969644365,0.011967157679554797,0.0,26.0,14.0,8.0,0.16058136689312663
GeForce GTS 250,702,675,1000,1.0,3,256,128,64,16,PCIe 2.0 x16,150,450 W,https://www.techpowerup.com/gpu-specs/geforce-gts-250.c241,0.003952569169960476,0.0293282876064333,0.02841349564814146,0.010784067557497768,0.0,,,,0.08499563915178729
Radeon HD 7970,925,1000,1375,3.0,5,384,2048,128,32,PCIe 3.0 x16,250,600 W,https://www.techpowerup.com/gpu-specs/radeon-hd-7970.c296,0.20076987652593659,0.5901419110690633,0.16123812155822614,0.022347191556230828,0.0,51.0,37.0,19.0,0.2242506859584573
Quadro 5000,513,513,750,5.0,5,320,352,44,40,PCIe 2.0 x16,152,450 W,https://www.techpowerup.com/gpu-specs/quadro-5000.c897,0.051663227115324076,0.2989593188268685,0.02565292859161183,0.01831805516665212,0.0,,,,0.1256346512714581
Radeon HD 7770 GHz Edition,1000,1000,1125,1.0,5,128,640,40,16,PCIe 3.0 x16,80,250 W,https://www.techpowerup.com/gpu-specs/radeon-hd-7770-ghz-edition.c308,0.06094651789149673,0.522081362346263,0.060923182497073416,0.007247711335221485,0.0,,,,0.14666262313938067
FirePro V5900,600,600,500,2.0,5,256,512,32,32,PCIe 2.0 x16,75,250 W,https://www.techpowerup.com/gpu-specs/firepro-v5900.c577,0.026793521983979857,0.27625354777672656,0.010929237476284664,0.004858847183140611,0.0,,,,0.12525044855802991
Radeon R5 220,650,650,533,1.0,3,64,80,8,4,PCIe 2.0 x16,19,200 W,https://www.techpowerup.com/gpu-specs/radeon-r5-220-oem.c2544,0.0042058134247437845,0.1323368022705771,0.0036014067282544365,0.0006975397331790984,0.0,,,,0.05824972941743281
GeForce 9600 GT,650,650,900,0.5,3,256,64,32,16,PCIe 2.0 x16,95,250 W,https://www.techpowerup.com/gpu-specs/geforce-9600-gt.c206,0.0,0.0,0.011113075756407716,0.0011346773835699687,0.0,,,,0.07901995666693855
FirePro S9150,900,900,1250,16.0,5,512,2816,176,64,PCIe 3.0 x16,235,550 W,https://www.techpowerup.com/gpu-specs/firepro-s9150.c2608,0.25621672671307144,0.649441816461684,0.1726433340323422,0.03045676898524512,0.0,,,,0.28907985095539196
FirePro V5700,700,700,900,0.5,3,128,320,32,8,PCIe 2.0 x16,56,250 W,https://www.techpowerup.com/gpu-specs/firepro-v5700.c858,0.010028332575466092,0.18298959318826868,0.008667517810321152,0.001380650511745907,0.0,,,,0.07854587129967396
GeForce GTX 285,648,648,1242,1.0,3,512,240,80,32,PCIe 2.0 x16,204,550 W,https://www.techpowerup.com/gpu-specs/geforce-gtx-285.c238,0.03655252020007695,0.05392620624408705,0.06460478339482933,0.011675663724261601,0.0,19.0,12.0,7.0,0.14980257520591
Radeon HD 5850,500,725,1000,1.0,5,128,800,40,16,PCIe 2.0 x16,30,200 W,https://www.techpowerup.com/gpu-specs/mobility-radeon-hd-5850.c1654,0.05110357130364826,0.3254493850520341,0.011798972860891837,0.006606089539084405,0.0,,,,0.11912765819627226
Radeon HD 6970,880,890,1375,2.0,5,256,1536,96,32,PCIe 2.0 x16,250,600 W,https://www.techpowerup.com/gpu-specs/radeon-hd-6970.c258,0.08247927524572388,0.3500473036896878,0.03814812178484709,0.013159413171508701,0.0,35.0,25.0,11.0,0.1854081933919109
Quadro NVS 450,480,480,700,0.25,3,64,16,8,4,PCIe 1.0 x16,35,200 W,https://www.techpowerup.com/gpu-specs/quadro-nvs-450.c1449,0.004399944034418832,0.13338694418164618,0.003498365725862038,0.0008285096557707412,0.0,,,,0.03663487444775737
FireGL V7300,594,594,648,0.5,3,256,16,8,16,PCIe 1.0 x16,97,250 W,https://www.techpowerup.com/gpu-specs/firegl-v7300.c852,0.013558862965942612,0.15624597918637653,0.008801537006120986,0.0010418378479283097,0.0,,,,0.07019739365290703
Radeon HD 7790,1000,1075,1500,1.0,5,128,896,56,16,PCIe 3.0 x16,85,250 W,https://www.techpowerup.com/gpu-specs/radeon-hd-7790.c2100,0.09041939207387457,0.37748344370860926,0.07490426636177021,0.0077696707352340345,0.0,23.0,13.0,8.0,0.15627632396700106
Radeon R7 265,900,925,1400,2.0,5,256,1024,64,32,PCIe 3.0 x16,150,450 W,https://www.techpowerup.com/gpu-specs/radeon-r7-265.c2558,0.11824338032110253,0.47088930936613055,0.08897791950914301,0.01204693771067727,0.0,28.0,19.0,12.0,0.17246069586972873
Quadro K2000D,954,954,1000,2.0,5,128,384,32,16,PCIe 2.0 x16,51,250 W,https://www.techpowerup.com/gpu-specs/quadro-k2000d.c2021,0.03879114344678023,0.31788079470198677,0.014098009930165908,0.003450746465059131,0.0,,,,0.13376974523075916
FirePro V4900,800,800,1000,1.0,5,128,480,24,8,PCIe 2.0 x16,75,250 W,https://www.techpowerup.com/gpu-specs/firepro-v4900.c578,0.01640491097974746,0.24408703878902555,0.005600855770395188,0.0021372755134672784,0.0,,,,0.10261084393035709
FirePro W7000,950,950,1200,4.0,5,256,1280,80,32,PCIe 3.0 x16,150,450 W,https://www.techpowerup.com/gpu-specs/firepro-w7000.c587,0.1319038791143447,0.4645222327341532,0.09086505469664553,0.02126205919390647,0.0,,,,0.18957720550417
Radeon R9 285,918,965,1375,2.0,5,256,1792,112,32,PCIe 3.0 x16,190,450 W,https://www.techpowerup.com/gpu-specs/radeon-r9-285.c2609,0.21599216481863653,0.5080416272469253,0.14325254539957535,0.014781561234310611,0.0,39.0,28.0,16.0,0.19835569091409302
FirePro S7000,950,950,1200,4.0,5,256,1280,80,32,PCIe 3.0 x16,150,450 W,https://www.techpowerup.com/gpu-specs/firepro-s7000.c801,0.1280562454090734,0.5250709555345316,0.08850496041487173,0.02126205919390647,0.0,,,,0.18957720550417
Radeon HD 5870,2235,870,1313,1.0,5,256,1600,80,32,PCIe 2.0 x16,188,450 W,https://www.techpowerup.com/gpu-specs/radeon-hd-5870.c253,0.061597117772569876,0.33112582781456956,0.005005449481290114,0.013198186205429754,0.0,,,,0.18927711575609257
Radeon HD 4850,503,625,850,1.0,3,256,800,40,16,PCIe 2.0 x16,110,300 W,https://www.techpowerup.com/gpu-specs/radeon-hd-4850.c493,0.015670362726922946,0.04730368968779565,0.01685701831545996,0.00967154619331126,0.0,,,,0.0971727471342728
Radeon HD 6870,900,900,1050,1.0,5,256,1120,56,32,PCIe 2.0 x16,151,450 W,https://www.techpowerup.com/gpu-specs/radeon-hd-6870.c256,0.06009304277869111,0.31882686849574265,0.020021797925160456,0.012186193188860175,0.0,28.0,14.0,9.0,0.16381824127367217
GeForce GTX 560 Ti 448,732,797,950,1.25,5,320,448,56,40,PCIe 2.0 x16,210,550 W,https://www.techpowerup.com/gpu-specs/geforce-gtx-560-ti-448.c289,0.10816432893770332,0.3830842005676443,0.03543584655558039,0.011967157679554797,0.0,,,,0.16190806409200018
Radeon HD 7970 GHz Edition,1000,1000,1500,3.0,5,384,2048,128,32,PCIe 3.0 x16,300,700 W,https://www.techpowerup.com/gpu-specs/radeon-hd-7970-ghz-edition.c365,0.2005656021546749,0.59120151371807,0.16123812155822614,0.022347191556230828,0.0,59.0,42.0,19.0,0.23826635202621946
FirePro W8100,824,824,1250,8.0,5,512,2560,160,64,PCIe 3.0 x16,220,550 W,https://www.techpowerup.com/gpu-specs/firepro-w8100.c2588,0.23862324670327745,0.6613055818353832,0.1506983409356961,0.027267319718398218,0.0,,,,0.2723765493486376
FirePro V7900,725,725,1250,2.0,5,256,1280,80,32,PCIe 2.0 x16,150,450 W,https://www.techpowerup.com/gpu-specs/firepro-v7900.c580,0.06313617125467838,0.24976348155156103,0.04666324489541425,0.01300862830064249,0.0,,,,0.1633576011902888
Radeon R7 350,800,925,1125,2.0,5,128,512,32,16,PCIe 3.0 x16,55,250 W,https://www.techpowerup.com/gpu-specs/radeon-r7-350.c3135,0.04132525330255227,0.35683853673919896,0.05641222298470108,0.003997914457567702,0.0,,,,0.1339993040689372
Radeon RX 550 - 640,1019,1190,1500,2.0,5,128,640,40,16,PCIe 3.0 x8,60,250 W,https://www.techpowerup.com/gpu-specs/radeon-rx-550-640sp.c3083,0.11668613802511456,0.4176631977294229,0.060760675043579765,0.007297187501434472,0.0,,,,0.16880362236134988
FirePro 2450,400,600,400,0.25,3,64,40,4,4,PCIe 2.0 x16,32,200 W,https://www.techpowerup.com/gpu-specs/firepro-2450-multi-view.c1384,0.004204764070096893,0.13282876064333018,0.003498365725862038,0.0007644668248802313,0.0,,,,0.05113810791490535
NVS 810,902,1020,900,2.0,3,64,512,32,16,PCIe 3.0 x16,68,250 W,https://www.techpowerup.com/gpu-specs/nvs-810.c2772,0.022246318514113822,0.239356669820246,0.04637191537838368,0.004269991293663653,0.0,,,,0.1378980702071291
FirePro V7900 SDI,725,725,1250,2.0,5,256,1280,80,32,PCIe 2.0 x16,150,450 W,https://www.techpowerup.com/gpu-specs/firepro-v7900-sdi.c576,0.0724761271817832,0.3059035004730369,0.04666324489541425,0.01300862830064249,0.0,,,,0.1633576011902888
FirePro S9050,900,900,1375,12.0,5,384,1792,112,32,PCIe 3.0 x16,225,550 W,https://www.techpowerup.com/gpu-specs/firepro-s9050.c2607,0.15376543425793138,0.2923368022705771,0.1532657189042463,0.022671598217113675,0.0,,,,0.19735775053445642
GeForce GTX 275,633,633,1134,0.875,3,448,240,80,28,PCIe 2.0 x16,219,550 W,https://www.techpowerup.com/gpu-specs/geforce-gtx-275.c621,0.031340725453845884,0.043519394512771994,0.026816881045244757,0.011161668556354776,0.0,,,,0.10416603829652016
GeForce GT 430,700,735,800,0.5,3,64,96,16,4,PCIe 2.0 x16,49,200 W,https://www.techpowerup.com/gpu-specs/geforce-gt-430.c603,0.0034278918465143957,0.1239356669820246,0.006953134460905019,0.0007750628493436594,0.0,,,,0.06892051155573839
GeForce 7200 GS,450,450,334,0.125,2,64,2,2,4,PCIe 1.0 x16,40,200 W,https://www.techpowerup.com/gpu-specs/geforce-7200-gs.c723,0.004399944034418832,0.13338694418164618,0.004889915917290098,0.000886324931489244,0.0,,,,0.0284008015213206
Radeon HD 6750,700,700,1150,1.0,5,128,720,36,16,PCIe 2.0 x16,86,250 W,https://www.techpowerup.com/gpu-specs/radeon-hd-6750.c279,0.017489244114869358,0.23084200567644275,0.00940588967032325,0.002285321484147275,0.0,,,,0.11380152153373256
Radeon HD 5550,550,550,800,0.5,5,128,320,16,8,PCIe 2.0 x16,39,200 W,https://www.techpowerup.com/gpu-specs/radeon-hd-5550.c1034,0.009832802826261852,0.1809933774834437,0.006355979060034423,0.0015444642848945875,0.0,,,,0.06865225564017827
Radeon HD 5750,700,700,1150,1.0,5,128,720,36,16,PCIe 2.0 x16,86,250 W,https://www.techpowerup.com/gpu-specs/radeon-hd-5750.c249,0.0227709958375599,0.261116367076632,0.0020586929318209346,0.002285321484147275,0.0,,,,0.11380152153373256
FirePro V3900,650,650,900,1.0,3,128,480,24,8,PCIe 2.0 x16,50,250 W,https://www.techpowerup.com/gpu-specs/firepro-v3900.c579,0.00549162265206898,0.17218543046357615,0.00441004319218504,0.0018589099177258853,0.0,,,,0.07691603421677733
GeForce GT 620,700,700,900,1.0,3,64,96,16,4,PCIe 2.0 x16,49,200 W,https://www.techpowerup.com/gpu-specs/geforce-gt-620.c820,0.0036877820140613533,0.1275307473982971,0.004157752391716788,0.0006975397331790984,0.0,,,,0.06484190643518797
Radeon HD 7870 XT,925,925,1500,2.0,5,256,1536,96,32,PCIe 3.0 x16,185,450 W,https://www.techpowerup.com/gpu-specs/radeon-hd-7870-xt.c1860,0.138689705830914,0.5685903500473037,0.0548041583210574,0.013159413171508701,0.0,,,,0.19451081808903073
Radeon R7 250X,950,1000,1125,1.0,5,128,640,40,16,PCIe 3.0 x16,80,250 W,https://www.techpowerup.com/gpu-specs/radeon-r7-250x.c2553,0.061702053237259094,0.5458845789971618,0.07389092964114155,0.007247711335221485,0.0,,,,0.14666262313938067
Radeon R9 Nano,1000,1000,500,4.0,4,4096,4096,256,64,PCIe 3.0 x16,175,450 W,https://www.techpowerup.com/gpu-specs/radeon-r9-nano.c2735,0.29053027388156283,0.6314947965941344,0.3398572959665061,0.04369392713913461,0.0,71.0,53.0,32.0,0.27710884459276586
FirePro RG220A,500,800,800,0.5,3,256,80,8,4,PCIe 2.0 x16,35,200 W,https://www.techpowerup.com/gpu-specs/firepro-rg220a.c584,0.007930282043210096,0.15961684011352886,0.01015244327188896,0.0007790946940311888,0.0,,,,0.07259944552857123
GeForce GTX 760 X2,1006,1072,1502,2.0,5,256,1152,96,32,PCIe 3.0 x16,250,600 W,https://www.techpowerup.com/gpu-specs/geforce-gtx-760-x2.c2521,0.14601140298716286,0.47009460737937553,0.10407901326970682,0.011774095818663392,0.0,,,,0.20081403610261295
FirePro V3800,650,650,900,0.5,3,64,400,20,8,PCIe 2.0 x16,43,200 W,https://www.techpowerup.com/gpu-specs/firepro-v3800.c571,0.006826401762915806,0.15811731315042574,0.004214240769032004,0.0012733667203735958,0.0,,,,0.07554652696369318
Radeon HD 4650,550,600,667,1.0,3,128,320,32,8,PCIe 2.0 x16,48,200 W,https://www.techpowerup.com/gpu-specs/radeon-hd-4650.c233,0.010465563678337824,0.1801608325449385,0.00774934128342868,0.0013678205240021033,0.0,,,,0.06689271381109507
Radeon HD 4550,550,625,700,0.5,3,64,80,8,4,MXM-II,25,200 W,https://www.techpowerup.com/gpu-specs/radeon-hd-4550.c232,0.004053307216062122,0.1301419110690634,0.004426551081439257,0.0007831494903962537,0.0,,,,0.055336440046041734
GeForce 9600 GSO,550,650,800,0.375,3,192,96,48,12,PCIe 2.0 x16,84,250 W,https://www.techpowerup.com/gpu-specs/geforce-9600-gso.c215,0.017009689041239638,0.1282686849574267,0.02568718958381603,0.007504487052958692,0.0,,,,0.07379184666604321
Radeon HD 5670,650,775,795,0.5,3,128,400,20,8,PCIe 2.0 x16,64,250 W,https://www.techpowerup.com/gpu-specs/radeon-hd-5670.c248,0.0097589982160971,0.20719016083254493,0.0049045331611028125,0.0012907334897107666,0.0,,,,0.08906963377354034
Radeon HD 4830,575,575,900,0.5,3,256,640,32,16,PCIe 2.0 x16,95,250 W,https://www.techpowerup.com/gpu-specs/radeon-hd-4830.c282,0.012417363321557243,0.019867549668874177,0.011338793548406991,0.001974020231138694,0.0,,,,0.08652047381220798
GeForce GT 440,810,810,900,1.0,3,128,96,16,4,PCIe 2.0 x16,65,250 W,https://www.techpowerup.com/gpu-specs/geforce-gt-440.c600,0.009129385427961805,0.16840113528855252,0.00873935332822024,0.0006894530921265037,0.0,,,,0.07661703962581798
GeForce GTX 560 Ti X2,850,850,1002,1.0,5,256,384,64,32,PCIe 2.0 x16,170,450 W,https://www.techpowerup.com/gpu-specs/geforce-gtx-560-ti-x2.c1927,0.08533981601315192,0.3380132450331126,0.030601515215766886,0.0117060746969996,0.0,,,,0.152032273612656
Radeon HD 4890,850,850,975,1.0,5,256,800,40,16,PCIe 2.0 x16,190,450 W,https://www.techpowerup.com/gpu-specs/radeon-hd-4890.c244,0.0359578859001714,0.04068117313150427,0.014677260545853905,0.009722032233335927,0.0,,,,0.13160742496353306
FirePro V5800,690,700,1000,1.0,5,128,800,40,16,PCIe 2.0 x16,74,250 W,https://www.techpowerup.com/gpu-specs/firepro-v5800.c2441,0.023820350484452066,0.2639545884578997,0.010313647923142131,0.006606089539084405,0.0,,,,0.1162143688233739
FirePro R5000,825,825,800,2.0,5,256,768,48,32,PCIe 3.0 x16,150,450 W,https://www.techpowerup.com/gpu-specs/firepro-r5000.c2037,0.07492392178810033,0.5345316934720907,0.03165920747990857,0.011772167877750183,0.0,,,,0.1593169548145973
FirePro V7750,800,800,900,1.0,3,128,320,32,8,PCIe 2.0 x16,76,250 W,https://www.techpowerup.com/gpu-specs/firepro-v7750.c860,0.014722135886429843,0.2122286795512907,0.00910024754919665,0.0013777662509352844,0.0,,,,0.09019902878222368
Quadro K4000M,601,600,700,4.0,5,256,960,80,32,MXM-B (3.0),100,300 W,https://www.techpowerup.com/gpu-specs/quadro-k4000m.c1422,0.050508937003742704,0.2753074739829707,0.015692487789125256,0.019573504277427628,0.0,,,,0.13976871809265798
FirePro 2460,500,500,500,0.5,3,256,80,8,4,PCIe 2.0 x16,17,200 W,https://www.techpowerup.com/gpu-specs/firepro-2460-multi-view.c1385,0.006226695582216939,0.14257332071901607,0.008801537006120986,0.0007871813350837831,0.0,,,,0.03763997308092207
FirePro W8000,900,900,1375,4.0,5,256,1792,112,32,PCIe 3.0 x16,225,550 W,https://www.techpowerup.com/gpu-specs/firepro-w8000.c586,0.12707684773864075,0.4824976348155156,0.1405348833009167,0.021673307352034345,0.0,,,,0.19944443061962908
Radeon HD 5830,800,800,1000,1.0,5,256,1120,56,16,PCIe 2.0 x16,175,450 W,https://www.techpowerup.com/gpu-specs/radeon-hd-5830.c251,0.04302354052257862,0.304635761589404,0.03066512085306989,0.011233392548661377,0.0,,,,0.1354322354004183
Radeon HD 5970,725,850,1000,1.0,5,256,1600,80,32,PCIe 2.0 x16,295,600 W,https://www.techpowerup.com/gpu-specs/radeon-hd-5970.c254,0.06100248347266431,0.315042573320719,0.022351994080974123,0.013198186205429754,0.0,,,,0.1869464842939488
Radeon HD 5570,550,650,800,1.0,3,128,400,20,8,PCIe 2.0 x16,39,200 W,https://www.techpowerup.com/gpu-specs/radeon-hd-5570.c2216,0.00851568785197104,0.17859981078524126,0.0038852783272110766,0.0012436978518759977,0.0,,,,0.07450318692110683
Radeon HD 4670 X2,750,725,700,0.5,3,128,320,32,8,PCIe 2.0 x16,118,300 W,https://www.techpowerup.com/gpu-specs/radeon-hd-4670-x2.c1169,0.013501696456679143,0.20343424787133396,0.008667517810321152,0.0013905962386790889,0.0,,,,0.0814591606635286
Radeon HD 6990,830,830,1250,2.0,5,256,1536,96,32,PCIe 2.0 x16,375,750 W,https://www.techpowerup.com/gpu-specs/radeon-hd-6990.c275,0.08772604848018468,0.5392620624408704,0.03814812178484709,0.013159413171508701,0.0,55.0,40.0,18.0,0.23072443471954834
FirePro V8800,825,825,1150,2.0,5,256,1600,80,32,PCIe 2.0 x16,208,550 W,https://www.techpowerup.com/gpu-specs/firepro-v8800.c570,0.06009304277869111,0.3888363292336802,0.04179791536828289,0.013119217133580292,0.0,,,,0.18403319492105044
FirePro W600,750,600,1000,2.0,5,128,512,32,16,PCIe 3.0 x16,75,250 W,https://www.techpowerup.com/gpu-specs/firepro-w600.c562,0.043618174822484174,0.5402081362346263,0.013158847473976736,0.0038810904188987146,0.0,,,,0.09612654226044799
FirePro W4300,930,930,1500,4.0,5,128,768,48,16,PCIe 3.0 x16,50,250 W,https://www.techpowerup.com/gpu-specs/firepro-w4300.c2781,0.08247927524572388,0.6726584673604541,0.072331525699001,0.01853806229697329,0.0,,,,0.14242886386811565
GeForce GTX 465,608,607,802,1.0,5,256,352,44,32,PCIe 2.0 x16,200,550 W,https://www.techpowerup.com/gpu-specs/geforce-gtx-465.c266,0.07611319038791144,0.3727530747398297,0.033776692366689544,0.010817056768679213,0.0,,,,0.12202666615059647
GeForce GTX 460 SE,650,660,850,1.0,5,256,288,48,32,PCIe 2.0 x16,150,450 W,https://www.techpowerup.com/gpu-specs/geforce-gtx-460-se.c357,0.051383399209486175,0.282876064333018,0.021818108424494408,0.0116856783062274,0.0,,,,0.12655559059622312
Radeon HD 6790,840,900,1050,1.0,5,256,800,40,16,PCIe 2.0 x16,150,450 W,https://www.techpowerup.com/gpu-specs/radeon-hd-6790.c283,0.03875616495855049,0.293282876064333,0.014677260545853905,0.009722032233335927,0.0,,,,0.1374340036972715
GeForce GTX 460 X2,701,700,900,1.0,5,256,336,56,32,PCIe 2.0 x16,160,450 W,https://www.techpowerup.com/gpu-specs/geforce-gtx-460-x2.c1928,0.06326034488789395,0.30553453169347206,0.030168785476891377,0.0116856783062274,0.0,,,,0.13288469548933868
Radeon HD 6870 X2,900,900,1050,1.0,5,256,1120,56,32,PCIe 2.0 x16,300,700 W,https://www.techpowerup.com/gpu-specs/radeon-hd-6870-x2.c1174,0.06519675399629228,0.3241438032166509,0.030671477234676878,0.012186193188860175,0.0,,,,0.17829597925969345
Radeon HD 5670,650,775,795,1.0,5,128,400,20,8,PCIe 2.0 x16,64,250 W,https://www.techpowerup.com/gpu-specs/radeon-hd-5670.c248,0.0097589982160971,0.20719016083254493,0.0049045331611028125,0.0015415800240839636,0.0,,,,0.09728470726781739
GeForce GTX 560 SE,736,746,957,1.0,5,192,288,48,24,PCIe 2.0 x16,150,450 W,https://www.techpowerup.com/gpu-specs/geforce-gtx-560-se.c341,0.05533596837944664,0.3339640491958373,0.025663020223630564,0.008002094723103306,0.0,,,,0.1220153528847763
FirePro V9800,850,850,1150,4.0,5,256,1600,80,32,PCIe 2.0 x16,250,600 W,https://www.techpowerup.com/gpu-specs/firepro-v9800.c569,0.07772220084647942,0.5629139072847682,0.05155071256319828,0.02072863160568404,0.0,,,,0.1869464842939488
Radeon R7 260,1000,1000,1500,2.0,5,128,768,48,16,PCIe 3.0 x16,95,250 W,https://www.techpowerup.com/gpu-specs/radeon-r7-260.c2511,0.0834936514043863,0.47209082308420053,0.07416851929230056,0.007643933795121082,0.0,,,,0.1505860741062019
FirePro V8750,750,750,900,2.0,5,256,800,40,16,PCIe 2.0 x16,151,450 W,https://www.techpowerup.com/gpu-specs/firepro-v8750.c862,0.05546783728007276,0.3185052034058657,0.02099888172262639,0.009710946573085024,0.0,,,,0.1199542674749542
FirePro S9000,900,900,1375,6.0,5,384,1792,112,32,PCIe 3.0 x16,225,550 W,https://www.techpowerup.com/gpu-specs/firepro-s9000.c1879,0.15929203539823011,0.4739829706717124,0.15368857368627703,0.02189972565094781,0.0,,,,0.19735775053445642
FirePro S10000,825,825,1250,3.0,5,384,1792,112,32,PCIe 3.0 x16,375,750 W,https://www.techpowerup.com/gpu-specs/firepro-s10000.c802,0.16824652838504323,0.4096499526963103,0.18521172243975292,0.02102582522756586,0.0,,,,0.18861788246399452
